timestamp_ms,sample_index,ldr_raw,led_state,active_mode,scenario_tag
0,0,0,1,1,steady_dark
100,1,0,1,1,steady_dark
200,2,0,1,1,steady_dark
300,3,0,1,1,steady_dark
400,4,0,1,1,steady_dark
500,5,0,1,1,steady_dark
600,6,0,1,1,steady_dark
700,7,0,1,1,steady_dark
800,8,0,1,1,steady_dark
900,9,0,1,1,steady_dark
1000,10,0,0,1,steady_dark
1100,11,0,0,1,steady_dark
1200,12,0,0,1,steady_dark
1300,13,0,0,1,steady_dark
1400,14,0,0,1,steady_dark
1500,15,0,0,1,steady_dark
1600,16,0,0,1,steady_dark
1700,17,0,0,1,steady_dark
1800,18,0,0,1,steady_dark
1900,19,0,0,1,steady_dark
2000,20,0,0,1,steady_dark
2100,21,0,0,1,steady_dark
2200,22,0,0,1,steady_dark
2300,23,0,0,1,steady_dark
2400,24,0,0,1,steady_dark
2500,25,0,0,1,steady_dark
2600,26,0,0,1,steady_dark
2700,27,0,0,1,steady_dark
2800,28,0,0,1,steady_dark
2900,29,0,0,1,steady_dark
3000,30,0,0,1,steady_dark
3100,31,0,0,1,steady_dark
3200,32,0,0,1,steady_dark
3300,33,0,1,1,steady_dark
3400,34,0,1,1,steady_dark
3500,35,0,1,1,steady_dark
3600,36,0,1,1,steady_dark
3700,37,0,1,1,steady_dark
3800,38,0,1,1,steady_dark
3900,39,0,1,1,steady_dark
4000,40,0,1,1,steady_dark
4100,41,0,1,1,steady_dark
4200,42,0,1,1,steady_dark
4300,43,0,0,1,steady_dark
4400,44,0,0,1,steady_dark
4500,45,0,0,1,steady_dark
4600,46,0,0,1,steady_dark
4700,47,0,0,1,steady_dark
4800,48,1,0,1,transition_dark_to_light
4900,49,1,0,1,steady_light
5000,50,1,0,1,steady_light
5100,51,1,0,1,steady_light
5200,52,1,0,1,steady_light
5300,53,1,0,1,steady_light
5400,54,1,0,1,steady_light
5500,55,1,0,1,steady_light
5600,56,1,0,1,steady_light
5700,57,1,0,1,steady_light
5800,58,1,0,1,steady_light
5900,59,1,0,1,steady_light
6000,60,1,0,1,steady_light
6100,61,1,0,1,steady_light
6200,62,1,0,1,steady_light
6300,63,1,0,1,steady_light
6400,64,1,0,1,steady_light
6500,65,1,0,1,steady_light
6600,66,1,0,1,steady_light
6700,67,1,0,1,steady_light
6800,68,1,0,1,steady_light
6900,69,1,0,1,steady_light
7000,70,1,0,0,steady_light
7100,71,1,0,0,steady_light
7200,72,1,0,0,steady_light
7300,73,1,0,0,steady_light
7400,74,1,0,0,steady_light
7500,75,1,0,0,steady_light
7600,76,1,0,0,steady_light
7700,77,1,0,0,steady_light
7800,78,1,0,0,steady_light
7900,79,1,0,0,steady_light
8000,80,1,0,0,steady_light
8100,81,1,0,0,steady_light
8200,82,1,0,0,steady_light
8300,83,1,0,0,steady_light
8400,84,1,0,0,steady_light
8500,85,1,0,0,steady_light
8600,86,1,0,0,steady_light
8700,87,1,0,0,steady_light
8800,88,1,0,0,steady_light
8900,89,1,0,0,steady_light
9000,90,1,0,0,steady_light
9100,91,1,0,0,steady_light
9200,92,1,0,0,steady_light
9300,93,1,0,0,steady_light
9400,94,1,0,0,steady_light
9500,95,1,0,0,steady_light
9600,96,1,0,0,steady_light
9700,97,1,0,0,steady_light
9800,98,1,0,0,steady_light
9900,99,1,0,0,steady_light
10000,100,1,0,0,steady_light
10100,101,1,0,0,steady_light
10200,102,1,0,0,steady_light
10300,103,1,0,0,steady_light
10400,104,1,0,0,steady_light
10500,105,1,0,0,steady_light
10600,106,1,0,0,steady_light
10700,107,1,0,0,steady_light
10800,108,1,0,0,steady_light
10900,109,1,0,0,steady_light
11000,110,1,0,0,steady_light
11100,111,1,0,0,steady_light
11200,112,1,0,0,steady_light
11300,113,1,0,0,steady_light
11400,114,1,0,0,steady_light
11500,115,1,0,0,steady_light
11600,116,1,0,0,steady_light
11700,117,1,0,0,steady_light
11800,118,1,0,0,steady_light
11900,119,1,0,0,steady_light
12000,120,1,0,0,steady_light
12100,121,1,0,0,steady_light
12200,122,1,0,0,steady_light
12300,123,1,0,0,steady_light
12400,124,1,0,0,steady_light
12500,125,1,0,0,steady_light
12600,126,1,0,0,steady_light
12700,127,1,0,0,steady_light
12800,128,1,0,0,steady_light
12900,129,1,0,0,steady_light
13000,130,1,0,0,steady_light
13100,131,1,0,0,steady_light
13200,132,1,0,0,steady_light
13300,133,1,0,0,steady_light
13400,134,1,0,0,steady_light
13500,135,1,0,0,steady_light
13600,136,1,0,0,steady_light
13700,137,1,0,0,steady_light
13800,138,1,0,0,steady_light
13900,139,1,0,0,steady_light
14000,140,1,0,0,steady_light
14100,141,1,0,0,steady_light
14200,142,1,0,0,steady_light
14300,143,1,0,0,steady_light
14400,144,1,0,0,steady_light
14500,145,1,0,0,steady_light
14600,146,1,0,0,steady_light
14700,147,1,0,0,steady_light
14800,148,1,0,0,steady_light
14900,149,1,0,0,steady_light
15000,150,1,0,0,steady_light
15100,151,1,0,0,steady_light
15200,152,1,0,0,steady_light
15300,153,1,0,0,steady_light
15400,154,1,0,0,steady_light
15500,155,1,0,0,steady_light
15600,156,1,0,0,steady_light
15700,157,1,0,0,steady_light
15800,158,1,0,0,steady_light
15900,159,1,0,0,steady_light
16000,160,1,0,0,steady_light
16100,161,1,0,0,steady_light
16200,162,1,0,0,steady_light
16300,163,1,0,0,steady_light
16400,164,1,0,0,steady_light
16500,165,1,0,0,steady_light
16600,166,1,0,0,steady_light
16700,167,1,0,0,steady_light
16800,168,1,0,0,steady_light
16900,169,1,0,0,steady_light
17000,170,1,0,0,steady_light
17100,171,1,0,0,steady_light
17200,172,1,0,0,steady_light
17300,173,1,0,0,steady_light
17400,174,1,0,0,steady_light
17500,175,1,0,0,steady_light
17600,176,1,0,0,steady_light
17700,177,1,0,0,steady_light
17800,178,1,0,0,steady_light
17900,179,1,0,0,steady_light
18000,180,1,0,0,steady_light
18100,181,1,0,0,steady_light
18200,182,1,0,0,steady_light
18300,183,1,0,0,steady_light
18400,184,1,0,0,steady_light
18500,185,1,0,0,steady_light
18600,186,1,0,0,steady_light
18700,187,1,0,0,steady_light
18800,188,1,0,0,steady_light
18900,189,1,0,0,steady_light
19000,190,1,0,0,steady_light
19100,191,1,0,0,steady_light
19200,192,1,0,0,steady_light
19300,193,1,0,0,steady_light
19400,194,1,0,0,steady_light
19500,195,1,0,0,steady_light
19600,196,1,0,0,steady_light
19700,197,1,0,0,steady_light
19800,198,1,0,0,steady_light
19900,199,1,0,0,steady_light
20000,200,1,0,0,steady_light
20100,201,1,0,0,steady_light
20200,202,1,0,0,steady_light
20300,203,1,0,0,steady_light
20400,204,1,0,0,steady_light
20500,205,1,0,0,steady_light
20600,206,1,0,0,steady_light
20700,207,1,0,0,steady_light
20800,208,1,0,0,steady_light
20900,209,1,0,0,steady_light
21000,210,1,0,0,steady_light
21100,211,1,0,0,steady_light
21200,212,1,0,0,steady_light
21300,213,1,0,0,steady_light
21400,214,1,0,0,steady_light
21500,215,1,0,0,steady_light
21600,216,1,0,0,steady_light
21700,217,1,0,0,steady_light
21800,218,1,0,0,steady_light
21900,219,1,0,0,steady_light
22000,220,1,0,0,steady_light
22100,221,1,0,0,steady_light
22200,222,1,0,0,steady_light
22300,223,1,0,0,steady_light
22400,224,1,0,0,steady_light
22500,225,1,0,0,steady_light
22600,226,1,0,0,steady_light
22700,227,1,0,0,steady_light
22800,228,1,0,0,steady_light
22900,229,1,0,0,steady_light
23000,230,1,0,0,steady_light
23100,231,1,0,0,steady_light
23200,232,1,0,0,steady_light
23300,233,1,0,0,steady_light
23400,234,1,0,0,steady_light
23500,235,1,0,0,steady_light
23600,236,1,0,0,steady_light
23700,237,1,0,0,steady_light
23800,238,1,0,0,steady_light
23900,239,1,0,0,steady_light
24000,240,1,0,0,steady_light
24100,241,1,0,0,steady_light
24200,242,1,0,0,steady_light
24300,243,1,0,0,steady_light
24400,244,1,0,0,steady_light
24500,245,1,0,0,steady_light
24600,246,1,0,0,steady_light
24700,247,1,0,0,steady_light
24800,248,1,0,0,steady_light
24900,249,1,0,0,steady_light
25000,250,1,0,0,steady_light
25100,251,1,0,0,steady_light
25200,252,1,0,0,steady_light
25300,253,1,0,0,steady_light
25400,254,1,0,0,steady_light
25500,255,1,0,0,steady_light
25600,256,1,0,0,steady_light
25700,257,1,0,0,steady_light
25800,258,1,0,0,steady_light
25900,259,1,0,0,steady_light
26000,260,1,0,0,steady_light
26100,261,1,0,0,steady_light
26200,262,1,0,0,steady_light
26300,263,1,0,0,steady_light
26400,264,1,0,0,steady_light
26500,265,1,0,0,steady_light
26600,266,1,0,0,steady_light
26700,267,1,0,0,steady_light
26800,268,1,0,0,steady_light
26900,269,1,0,0,steady_light
27000,270,1,0,0,steady_light
27100,271,1,0,0,steady_light
27200,272,1,0,0,steady_light
27300,273,1,0,0,steady_light
27400,274,1,0,0,steady_light
27500,275,1,0,0,steady_light
27600,276,1,0,0,steady_light
27700,277,1,0,0,steady_light
27800,278,1,0,0,steady_light
27900,279,1,0,0,steady_light
28000,280,1,0,0,steady_light
28100,281,1,0,0,steady_light
28200,282,1,0,0,steady_light
28300,283,1,0,0,steady_light
28400,284,1,0,0,steady_light
28500,285,1,0,0,steady_light
28600,286,1,0,0,steady_light
28700,287,1,0,0,steady_light
28800,288,1,0,0,steady_light
28900,289,1,0,0,steady_light
29000,290,1,0,0,steady_light
29100,291,1,0,0,steady_light
29200,292,1,0,0,steady_light
29300,293,1,0,0,steady_light
29400,294,1,0,0,steady_light
29500,295,1,0,0,steady_light
29600,296,1,0,0,steady_light
29700,297,1,0,0,steady_light
29800,298,1,0,0,steady_light
29900,299,1,0,0,steady_light
30000,300,1,0,0,steady_light
30100,301,1,0,0,steady_light
30200,302,1,0,0,steady_light
30300,303,1,0,0,steady_light
30400,304,1,0,0,steady_light
30500,305,1,0,0,steady_light
30600,306,1,0,0,steady_light
30700,307,1,0,0,steady_light
30800,308,1,0,0,steady_light
30900,309,1,0,0,steady_light
31000,310,1,0,0,steady_light
31100,311,1,0,0,steady_light
31200,312,1,0,0,steady_light
31300,313,1,0,0,steady_light
31400,314,1,0,0,steady_light
31500,315,1,0,0,steady_light
31600,316,1,0,0,steady_light
31700,317,1,0,0,steady_light
31800,318,1,0,0,steady_light
31900,319,1,0,0,steady_light
32000,320,1,0,0,steady_light
32100,321,1,0,0,steady_light
32200,322,1,0,0,steady_light
32300,323,1,0,0,steady_light
32400,324,1,0,0,steady_light
32500,325,1,0,0,steady_light
32600,326,1,0,0,steady_light
32700,327,1,0,0,steady_light
32800,328,1,0,0,steady_light
32900,329,1,0,0,steady_light
33000,330,1,0,0,steady_light
33100,331,1,0,0,steady_light
33200,332,1,0,0,steady_light
33300,333,1,0,0,steady_light
33400,334,1,0,0,steady_light
33500,335,1,0,0,steady_light
33600,336,1,0,0,steady_light
33700,337,1,0,0,steady_light
33800,338,1,0,0,steady_light
33900,339,1,0,0,steady_light
34000,340,1,0,0,steady_light
34100,341,1,0,0,steady_light
34200,342,1,0,0,steady_light
34300,343,1,0,0,steady_light
34400,344,1,0,0,steady_light
34500,345,1,0,0,steady_light
34600,346,1,0,0,steady_light
34700,347,1,0,0,steady_light
34800,348,1,0,0,steady_light
34900,349,1,0,0,steady_light
35000,350,1,0,0,steady_light
35100,351,1,0,0,steady_light
35200,352,1,0,0,steady_light
35300,353,1,0,0,steady_light
35400,354,1,0,0,steady_light
35500,355,1,0,0,steady_light
35600,356,1,0,0,steady_light
35700,357,1,0,0,steady_light
35800,358,1,0,0,steady_light
35900,359,1,0,0,steady_light
36000,360,1,0,0,steady_light
36100,361,1,0,0,steady_light
36200,362,1,0,0,steady_light
36300,363,1,0,0,steady_light
36400,364,1,0,0,steady_light
36500,365,1,0,0,steady_light
36600,366,1,0,0,steady_light
36700,367,1,0,0,steady_light
36800,368,1,0,0,steady_light
36900,369,1,0,0,steady_light
37000,370,1,0,0,steady_light
37100,371,1,0,0,steady_light
37200,372,1,0,0,steady_light
37300,373,1,0,0,steady_light
37400,374,1,0,0,steady_light
37500,375,1,0,0,steady_light
37600,376,1,0,0,steady_light
37700,377,1,0,0,steady_light
37800,378,1,0,0,steady_light
37900,379,1,0,0,steady_light
38000,380,1,0,0,steady_light
38100,381,1,0,0,steady_light
38200,382,1,0,0,steady_light
38300,383,1,0,0,steady_light
38400,384,1,0,0,steady_light
38500,385,1,0,0,steady_light
38600,386,1,0,0,steady_light
38700,387,1,0,0,steady_light
38800,388,1,0,0,steady_light
38900,389,1,0,0,steady_light
39000,390,1,0,0,steady_light
39100,391,1,0,0,steady_light
39200,392,1,0,0,steady_light
39300,393,1,0,0,steady_light
39400,394,1,0,0,steady_light
39500,395,1,0,0,steady_light
39600,396,1,0,0,steady_light
39700,397,1,0,0,steady_light
39800,398,1,0,0,steady_light
39900,399,1,0,0,steady_light
40000,400,1,0,0,steady_light
40100,401,1,0,0,steady_light
40200,402,1,0,0,steady_light
40300,403,1,0,0,steady_light
40400,404,1,0,0,steady_light
40500,405,1,0,0,steady_light
40600,406,1,0,0,steady_light
40700,407,1,0,0,steady_light
40800,408,1,0,0,steady_light
40900,409,1,0,0,steady_light
41000,410,1,0,0,steady_light
41100,411,1,0,0,steady_light
41200,412,1,0,0,steady_light
41300,413,1,0,0,steady_light
41400,414,1,0,0,steady_light
41500,415,1,0,0,steady_light
41600,416,1,0,0,steady_light
41700,417,1,0,0,steady_light
41800,418,1,0,0,steady_light
41900,419,1,0,0,steady_light
42000,420,1,0,0,steady_light
42100,421,1,0,0,steady_light
42200,422,1,0,0,steady_light
42300,423,1,0,0,steady_light
42400,424,1,0,0,steady_light
42500,425,1,0,0,steady_light
42600,426,1,0,0,steady_light
42700,427,1,0,0,steady_light
42800,428,1,0,0,steady_light
42900,429,1,0,0,steady_light
43000,430,1,0,0,steady_light
43100,431,1,0,0,steady_light
43200,432,1,0,0,steady_light
43300,433,1,0,0,steady_light
43400,434,1,0,0,steady_light
43500,435,1,0,0,steady_light
43600,436,1,0,0,steady_light
43700,437,1,0,0,steady_light
43800,438,1,0,0,steady_light
43900,439,1,0,0,steady_light
44000,440,1,0,0,steady_light
44100,441,1,0,0,steady_light
44200,442,1,0,0,steady_light
44300,443,1,0,0,steady_light
44400,444,1,0,0,steady_light
44500,445,1,0,0,steady_light
44600,446,1,0,0,steady_light
44700,447,1,0,0,steady_light
44800,448,1,0,0,steady_light
44900,449,1,0,0,steady_light
45000,450,1,0,0,steady_light
45100,451,1,0,0,steady_light
45200,452,1,0,0,steady_light
45300,453,1,0,0,steady_light
45400,454,1,0,0,steady_light
45500,455,1,0,0,steady_light
45600,456,1,0,0,steady_light
45700,457,1,0,0,steady_light
45800,458,1,0,0,steady_light
45900,459,1,0,0,steady_light
46000,460,1,0,0,steady_light
46100,461,1,0,0,steady_light
46200,462,1,0,0,steady_light
46300,463,1,0,0,steady_light
46400,464,1,0,0,steady_light
46500,465,1,0,0,steady_light
46600,466,1,0,0,steady_light
46700,467,1,0,0,steady_light
46800,468,1,0,0,steady_light
46900,469,1,0,0,steady_light
47000,470,1,0,0,steady_light
47100,471,1,0,0,steady_light
47200,472,1,0,0,steady_light
47300,473,1,0,0,steady_light
47400,474,1,0,0,steady_light
47500,475,1,0,0,steady_light
47600,476,1,0,0,steady_light
47700,477,1,0,0,steady_light
47800,478,1,0,0,steady_light
47900,479,1,0,0,steady_light
48000,480,1,0,0,steady_light
48100,481,1,0,0,steady_light
48200,482,1,0,0,steady_light
48300,483,0,1,1,transition_light_to_dark
48400,484,1,1,1,transition_dark_to_light
48500,485,1,1,1,steady_light
48600,486,1,1,1,steady_light
48700,487,1,1,1,steady_light
48800,488,1,1,1,steady_light
48900,489,1,1,1,steady_light
49000,490,1,1,1,steady_light
49100,491,1,1,1,steady_light
49200,492,1,1,1,steady_light
49300,493,1,0,1,steady_light
49400,494,1,0,1,steady_light
49500,495,1,0,1,steady_light
49600,496,1,0,1,steady_light
49700,497,1,0,1,steady_light
49800,498,1,0,1,steady_light
49900,499,1,0,1,steady_light
50000,500,1,0,1,steady_light
50100,501,1,0,1,steady_light
50200,502,1,0,1,steady_light
50300,503,1,0,1,steady_light
50400,504,1,0,1,steady_light
50500,505,1,0,1,steady_light
50600,506,1,0,1,steady_light
50700,507,1,0,1,steady_light
50800,508,1,0,1,steady_light
50900,509,1,0,1,steady_light
51000,510,1,0,1,steady_light
51100,511,1,0,1,steady_light
51200,512,1,0,1,steady_light
51300,513,1,0,1,steady_light
51400,514,1,0,1,steady_light
51500,515,1,0,1,steady_light
51600,516,1,0,1,steady_light
51700,517,0,0,1,transition_light_to_dark
51800,518,0,0,1,steady_dark
51900,519,0,0,1,steady_dark
52000,520,0,0,1,steady_dark
52100,521,0,0,1,steady_dark
52200,522,0,0,1,steady_dark
52300,523,0,0,1,steady_dark
52400,524,0,0,1,steady_dark
52500,525,0,0,1,steady_dark
52600,526,0,0,1,steady_dark
52700,527,0,0,1,steady_dark
52800,528,0,0,1,steady_dark
52900,529,0,0,1,steady_dark
53000,530,0,0,1,steady_dark
53100,531,0,0,1,steady_dark
53200,532,0,0,1,steady_dark
53300,533,0,0,1,steady_dark
53400,534,0,0,1,steady_dark
53500,535,0,1,1,steady_dark
53600,536,0,1,1,steady_dark
53700,537,0,1,1,steady_dark
53800,538,0,1,1,steady_dark
53900,539,0,1,1,steady_dark
54000,540,0,1,1,steady_dark
54100,541,0,1,1,steady_dark
54200,542,0,1,1,steady_dark
54300,543,0,1,1,steady_dark
54400,544,0,1,1,steady_dark
54500,545,0,0,1,steady_dark
54600,546,0,0,1,steady_dark
54700,547,0,0,1,steady_dark
54800,548,0,0,1,steady_dark
54900,549,0,0,1,steady_dark
55000,550,0,0,1,steady_dark
55100,551,0,0,1,steady_dark
55200,552,0,0,1,steady_dark
55300,553,0,0,1,steady_dark
55400,554,0,0,1,steady_dark
55500,555,0,0,1,steady_dark
55600,556,0,0,1,steady_dark
55700,557,0,0,1,steady_dark
55800,558,0,0,1,steady_dark
55900,559,0,0,1,steady_dark
56000,560,0,0,1,steady_dark
56100,561,0,0,1,steady_dark
56200,562,0,0,1,steady_dark
56300,563,0,0,1,steady_dark
56400,564,0,0,1,steady_dark
56500,565,0,0,1,steady_dark
56600,566,0,0,1,steady_dark
56700,567,0,0,1,steady_dark
56800,568,0,0,1,steady_dark
56900,569,0,0,1,steady_dark
57000,570,0,0,1,steady_dark
57100,571,0,0,1,steady_dark
57200,572,0,1,1,steady_dark
57300,573,0,1,1,steady_dark
57400,574,0,1,1,steady_dark
57500,575,0,1,1,steady_dark
57600,576,0,1,1,steady_dark
57700,577,0,1,1,steady_dark
57800,578,0,1,1,steady_dark
57900,579,0,1,1,steady_dark
58000,580,0,1,1,steady_dark
58100,581,0,1,1,steady_dark
58200,582,0,1,1,steady_dark
58300,583,0,0,1,steady_dark
58400,584,0,0,1,steady_dark
58500,585,0,0,1,steady_dark
58600,586,0,0,1,steady_dark
58700,587,0,0,1,steady_dark
58800,588,0,0,1,steady_dark
58900,589,0,0,1,steady_dark
59000,590,0,0,1,steady_dark
59100,591,0,0,1,steady_dark
59200,592,0,0,1,steady_dark
59300,593,0,0,1,steady_dark
59400,594,0,0,1,steady_dark
59500,595,0,0,1,steady_dark
59600,596,0,0,1,steady_dark
59700,597,0,0,1,steady_dark
59800,598,0,0,1,steady_dark
59900,599,0,0,1,steady_dark
60000,600,0,0,1,steady_dark
60100,601,0,0,1,steady_dark
60200,602,0,0,1,steady_dark
60300,603,0,0,1,steady_dark
60400,604,0,0,1,steady_dark
60500,605,0,0,1,steady_dark
60600,606,0,0,1,steady_dark
60700,607,0,0,1,steady_dark
60800,608,0,0,1,steady_dark
60900,609,0,0,1,steady_dark
61000,610,0,0,1,steady_dark
61100,611,0,0,1,steady_dark
61200,612,0,0,1,steady_dark
61300,613,0,0,1,steady_dark
61400,614,0,0,1,steady_dark
61500,615,0,0,1,steady_dark
61600,616,0,0,1,steady_dark
61700,617,0,0,1,steady_dark
61800,618,0,0,1,steady_dark
61900,619,0,0,1,steady_dark
62000,620,0,0,1,steady_dark
62100,621,0,0,1,steady_dark
62200,622,0,0,1,steady_dark
62300,623,0,0,1,steady_dark
62400,624,0,0,1,steady_dark
62500,625,0,0,1,steady_dark
62600,626,0,0,1,steady_dark
62700,627,0,1,1,steady_dark
62800,628,0,1,1,steady_dark
62900,629,0,1,1,steady_dark
63000,630,0,1,1,steady_dark
63100,631,0,1,1,steady_dark
63200,632,0,1,1,steady_dark
63300,633,0,1,1,steady_dark
63400,634,0,1,1,steady_dark
63500,635,0,1,1,steady_dark
63600,636,0,1,1,steady_dark
63700,637,0,0,1,steady_dark
63800,638,0,0,1,steady_dark
63900,639,0,0,1,steady_dark
64000,640,0,0,1,steady_dark
64100,641,0,0,1,steady_dark
64200,642,0,0,1,steady_dark
64300,643,0,0,1,steady_dark
64400,644,0,0,1,steady_dark
64500,645,0,0,1,steady_dark
64600,646,0,0,1,steady_dark
64700,647,0,0,1,steady_dark
64800,648,0,0,1,steady_dark
64900,649,0,0,1,steady_dark
65000,650,0,0,1,steady_dark
65100,651,0,0,1,steady_dark
65200,652,0,0,1,steady_dark
65300,653,0,0,1,steady_dark
65400,654,0,0,1,steady_dark
65500,655,0,0,1,steady_dark
65600,656,0,0,1,steady_dark
65700,657,0,0,1,steady_dark
65800,658,0,0,1,steady_dark
65900,659,0,0,1,steady_dark
66000,660,0,0,1,steady_dark
66100,661,0,0,1,steady_dark
66200,662,0,0,1,steady_dark
66300,663,0,0,1,steady_dark
66400,664,0,0,1,steady_dark
66500,665,0,0,1,steady_dark
66600,666,0,0,1,steady_dark
66700,667,0,0,1,steady_dark
66800,668,0,0,1,steady_dark
66900,669,0,0,1,steady_dark
67000,670,0,0,1,steady_dark
67100,671,0,0,1,steady_dark
67200,672,0,0,1,steady_dark
67300,673,0,0,1,steady_dark
67400,674,0,0,1,steady_dark
67500,675,0,0,1,steady_dark
67600,676,0,0,1,steady_dark
67700,677,0,0,1,steady_dark
67800,678,0,0,1,steady_dark
67900,679,0,0,1,steady_dark
68000,680,0,0,1,steady_dark
68100,681,0,0,1,steady_dark
68200,682,0,0,1,steady_dark
68300,683,0,1,1,steady_dark
68400,684,0,1,1,steady_dark
68500,685,0,1,1,steady_dark
68600,686,0,1,1,steady_dark
68700,687,0,1,1,steady_dark
68800,688,0,1,1,steady_dark
68900,689,0,1,1,steady_dark
69000,690,0,1,1,steady_dark
69100,691,0,1,1,steady_dark
69200,692,0,1,1,steady_dark
69300,693,0,0,1,steady_dark
69400,694,0,0,1,steady_dark
69500,695,0,0,1,steady_dark
69600,696,0,0,1,steady_dark
69700,697,0,0,1,steady_dark
69800,698,0,0,1,steady_dark
69900,699,0,0,1,steady_dark
70000,700,0,0,1,steady_dark
70100,701,0,0,1,steady_dark
70200,702,0,0,1,steady_dark
70300,703,0,0,1,steady_dark
70400,704,0,0,1,steady_dark
70500,705,0,0,1,steady_dark
70600,706,0,0,1,steady_dark
70700,707,0,0,1,steady_dark
70800,708,0,0,1,steady_dark
70900,709,0,0,1,steady_dark
71000,710,0,0,1,steady_dark
71100,711,0,0,1,steady_dark
71200,712,0,0,1,steady_dark
71300,713,0,0,1,steady_dark
71400,714,0,0,1,steady_dark
71500,715,0,0,1,steady_dark
71600,716,0,0,1,steady_dark
71700,717,0,0,1,steady_dark
71800,718,0,0,1,steady_dark
71900,719,0,0,1,steady_dark
72000,720,0,0,1,steady_dark
72100,721,0,1,1,steady_dark
72200,722,0,1,1,steady_dark
72300,723,0,1,1,steady_dark
72400,724,0,1,1,steady_dark
72500,725,0,1,1,steady_dark
72600,726,0,1,1,steady_dark
72700,727,0,1,1,steady_dark
72800,728,0,1,1,steady_dark
72900,729,0,1,1,steady_dark
73000,730,0,1,1,steady_dark
73100,731,0,0,1,steady_dark
73200,732,0,0,1,steady_dark
73300,733,0,0,1,steady_dark
73400,734,0,0,1,steady_dark
73500,735,0,0,1,steady_dark
73600,736,0,0,1,steady_dark
73700,737,0,0,1,steady_dark
73800,738,0,0,1,steady_dark
73900,739,0,0,1,steady_dark
74000,740,0,0,1,steady_dark
74100,741,0,0,1,steady_dark
74200,742,0,0,1,steady_dark
74300,743,0,0,1,steady_dark
74400,744,0,0,1,steady_dark
74500,745,0,0,1,steady_dark
74600,746,0,0,1,steady_dark
74700,747,0,0,1,steady_dark
74800,748,0,0,1,steady_dark
74900,749,0,0,1,steady_dark
75000,750,0,0,1,steady_dark
75100,751,0,0,1,steady_dark
75200,752,0,1,1,steady_dark
75300,753,0,1,1,steady_dark
75400,754,0,1,1,steady_dark
75500,755,0,1,1,steady_dark
75600,756,0,1,1,steady_dark
75700,757,0,1,1,steady_dark
75800,758,0,1,1,steady_dark
75900,759,0,1,1,steady_dark
76000,760,0,1,1,steady_dark
76100,761,0,1,1,steady_dark
76200,762,0,0,1,steady_dark
76300,763,0,0,1,steady_dark
76400,764,0,0,1,steady_dark
76500,765,0,0,1,steady_dark
76600,766,0,0,1,steady_dark
76700,767,0,0,1,steady_dark
76800,768,0,0,1,steady_dark
76900,769,0,0,1,steady_dark
77000,770,0,0,1,steady_dark
77100,771,0,0,1,steady_dark
77200,772,0,0,1,steady_dark
77300,773,0,0,1,steady_dark
77400,774,0,0,1,steady_dark
77500,775,0,0,1,steady_dark
77600,776,0,0,1,steady_dark
77700,777,0,0,1,steady_dark
77800,778,0,0,1,steady_dark
77900,779,0,0,1,steady_dark
78000,780,0,0,1,steady_dark
78100,781,0,0,1,steady_dark
78200,782,0,0,1,steady_dark
78300,783,0,0,1,steady_dark
78400,784,0,0,1,steady_dark
78500,785,0,1,1,steady_dark
78600,786,0,1,1,steady_dark
78700,787,0,1,1,steady_dark
78800,788,0,1,1,steady_dark
78900,789,0,1,1,steady_dark
79000,790,0,1,1,steady_dark
79100,791,0,1,1,steady_dark
79200,792,0,1,1,steady_dark
79300,793,0,1,1,steady_dark
79400,794,0,1,1,steady_dark
79500,795,0,1,1,steady_dark
79600,796,0,0,1,steady_dark
79700,797,0,0,1,steady_dark
79800,798,0,0,1,steady_dark
79900,799,0,0,1,steady_dark
80000,800,0,0,1,steady_dark
80100,801,0,0,1,steady_dark
80200,802,0,0,1,steady_dark
80300,803,0,0,1,steady_dark
80400,804,0,0,1,steady_dark
80500,805,0,0,1,steady_dark
80600,806,0,0,1,steady_dark
80700,807,0,0,1,steady_dark
80800,808,0,0,1,steady_dark
80900,809,0,0,1,steady_dark
81000,810,0,0,1,steady_dark
81100,811,0,0,1,steady_dark
81200,812,0,0,1,steady_dark
81300,813,0,0,1,steady_dark
81400,814,0,0,1,steady_dark
81500,815,0,0,1,steady_dark
81600,816,0,0,1,steady_dark
81700,817,0,0,1,steady_dark
81800,818,0,0,1,steady_dark
81900,819,0,0,1,steady_dark
82000,820,0,1,1,steady_dark
82100,821,0,1,1,steady_dark
82200,822,0,1,1,steady_dark
82300,823,0,1,1,steady_dark
82400,824,0,1,1,steady_dark
82500,825,0,1,1,steady_dark
82600,826,0,1,1,steady_dark
82700,827,0,1,1,steady_dark
82800,828,0,1,1,steady_dark
82900,829,0,1,1,steady_dark
83000,830,0,1,1,steady_dark
83100,831,0,0,1,steady_dark
83200,832,0,0,1,steady_dark
83300,833,0,0,1,steady_dark
83400,834,0,0,1,steady_dark
83500,835,0,0,1,steady_dark
83600,836,0,0,1,steady_dark
83700,837,0,0,1,steady_dark
83800,838,0,0,1,steady_dark
83900,839,0,0,1,steady_dark
84000,840,0,0,1,steady_dark
84100,841,0,0,1,steady_dark
84200,842,0,0,1,steady_dark
84300,843,0,0,1,steady_dark
84400,844,0,0,1,steady_dark
84500,845,0,0,1,steady_dark
84600,846,0,0,1,steady_dark
84700,847,0,0,1,steady_dark
84800,848,0,0,1,steady_dark
84900,849,0,0,1,steady_dark
85000,850,0,0,1,steady_dark
85100,851,0,0,1,steady_dark
85200,852,0,0,1,steady_dark
85300,853,0,0,1,steady_dark
85400,854,0,0,1,steady_dark
85500,855,0,0,1,steady_dark
85600,856,0,0,1,steady_dark
85700,857,0,0,1,steady_dark
85800,858,0,0,1,steady_dark
85900,859,0,0,1,steady_dark
86000,860,0,0,1,steady_dark
86100,861,0,0,1,steady_dark
86200,862,0,0,1,steady_dark
86300,863,0,0,1,steady_dark
86400,864,0,0,1,steady_dark
86500,865,0,0,1,steady_dark
86600,866,0,0,1,steady_dark
86700,867,0,0,1,steady_dark
86800,868,0,0,1,steady_dark
86900,869,0,0,1,steady_dark
87000,870,0,0,1,steady_dark
87100,871,0,0,1,steady_dark
87200,872,0,0,1,steady_dark
87300,873,0,0,1,steady_dark
87400,874,0,0,1,steady_dark
87500,875,0,0,1,steady_dark
87600,876,0,0,1,steady_dark
87700,877,0,0,1,steady_dark
87800,878,0,1,1,steady_dark
87900,879,0,1,1,steady_dark
88000,880,0,1,1,steady_dark
88100,881,0,1,1,steady_dark
88200,882,0,1,1,steady_dark
88300,883,0,1,1,steady_dark
88400,884,0,1,1,steady_dark
88500,885,0,1,1,steady_dark
88600,886,0,1,1,steady_dark
88700,887,0,1,1,steady_dark
88800,888,0,0,1,steady_dark
88900,889,0,0,1,steady_dark
89000,890,0,0,1,steady_dark
89100,891,0,0,1,steady_dark
89200,892,0,0,1,steady_dark
89300,893,0,0,1,steady_dark
89400,894,0,0,1,steady_dark
89500,895,0,0,1,steady_dark
89600,896,0,0,1,steady_dark
89700,897,0,0,1,steady_dark
89800,898,0,0,1,steady_dark
89900,899,0,0,1,steady_dark
90000,900,0,0,1,steady_dark
90100,901,0,0,1,steady_dark
90200,902,0,0,1,steady_dark
90300,903,0,0,1,steady_dark
90400,904,0,0,1,steady_dark
90500,905,0,0,1,steady_dark
90600,906,0,0,1,steady_dark
90700,907,0,0,1,steady_dark
90800,908,0,0,1,steady_dark
90900,909,0,0,1,steady_dark
91000,910,0,0,1,steady_dark
91100,911,0,0,1,steady_dark
91200,912,0,0,1,steady_dark
91300,913,0,0,1,steady_dark
91400,914,0,0,1,steady_dark
91500,915,0,0,1,steady_dark
91600,916,0,0,1,steady_dark
91700,917,0,0,1,steady_dark
91800,918,0,0,1,steady_dark
91900,919,0,0,1,steady_dark
92000,920,0,0,1,steady_dark
92100,921,0,0,1,steady_dark
92200,922,0,1,1,steady_dark
92300,923,0,1,1,steady_dark
92400,924,0,1,1,steady_dark
92500,925,0,1,1,steady_dark
92600,926,0,1,1,steady_dark
92700,927,1,1,1,transition_dark_to_light
92800,928,1,1,1,steady_light
92900,929,1,1,1,steady_light
93000,930,1,1,1,steady_light
93100,931,1,1,1,steady_light
93200,932,1,0,1,steady_light
93300,933,1,0,1,steady_light
93400,934,1,0,1,steady_light
93500,935,1,0,1,steady_light
93600,936,1,0,1,steady_light
93700,937,1,0,1,steady_light
93800,938,1,0,1,steady_light
93900,939,1,0,1,steady_light
94000,940,1,0,1,steady_light
94100,941,1,0,1,steady_light
94200,942,1,0,1,steady_light
94300,943,1,0,1,steady_light
94400,944,1,0,1,steady_light
94500,945,1,0,1,steady_light
94600,946,1,0,1,steady_light
94700,947,1,0,1,steady_light
94800,948,1,0,1,steady_light
94900,949,1,0,1,steady_light
95000,950,1,0,1,steady_light
95100,951,1,0,1,steady_light
95200,952,1,0,1,steady_light
95300,953,1,0,1,steady_light
95400,954,1,0,1,steady_light
95500,955,1,0,1,steady_light
95600,956,1,0,1,steady_light
95700,957,1,0,1,steady_light
95800,958,1,0,1,steady_light
95900,959,1,0,1,steady_light
96000,960,0,0,1,transition_light_to_dark
96100,961,0,0,1,steady_dark
96200,962,0,0,1,steady_dark
96300,963,0,0,1,steady_dark
96400,964,0,0,1,steady_dark
96500,965,0,1,1,steady_dark
96600,966,0,1,1,steady_dark
96700,967,0,1,1,steady_dark
96800,968,0,1,1,steady_dark
96900,969,0,1,1,steady_dark
97000,970,0,1,1,steady_dark
97100,971,0,1,1,steady_dark
97200,972,0,1,1,steady_dark
97300,973,0,1,1,steady_dark
97400,974,0,1,1,steady_dark
97500,975,0,1,1,steady_dark
97600,976,0,0,1,steady_dark
97700,977,0,0,1,steady_dark
97800,978,0,0,1,steady_dark
97900,979,0,0,1,steady_dark
98000,980,0,0,1,steady_dark
98100,981,1,0,1,transition_dark_to_light
98200,982,1,0,1,steady_light
98300,983,1,0,1,steady_light
98400,984,1,0,1,steady_light
98500,985,1,0,1,steady_light
98600,986,1,0,1,steady_light
98700,987,1,0,1,steady_light
98800,988,1,0,1,steady_light
98900,989,1,0,1,steady_light
99000,990,1,0,1,steady_light
99100,991,1,0,1,steady_light
99200,992,1,0,1,steady_light
99300,993,1,0,1,steady_light
99400,994,1,0,1,steady_light
99500,995,1,0,1,steady_light
99600,996,1,0,1,steady_light
99700,997,1,0,1,steady_light
99800,998,1,0,0,steady_light
99900,999,1,0,0,steady_light
100000,1000,1,0,0,steady_light
100100,1001,1,0,0,steady_light
100200,1002,1,0,0,steady_light
100300,1003,0,1,1,transition_light_to_dark
100400,1004,0,1,1,steady_dark
100500,1005,0,1,1,steady_dark
100600,1006,0,1,1,steady_dark
100700,1007,0,1,1,steady_dark
100800,1008,0,1,1,steady_dark
100900,1009,0,1,1,steady_dark
101000,1010,0,1,1,steady_dark
101100,1011,0,1,1,steady_dark
101200,1012,0,1,1,steady_dark
101300,1013,0,0,1,steady_dark
101400,1014,0,0,1,steady_dark
101500,1015,0,0,1,steady_dark
101600,1016,0,0,1,steady_dark
101700,1017,0,0,1,steady_dark
101800,1018,0,0,1,steady_dark
101902,1019,1,0,1,transition_dark_to_light
102000,1020,1,0,1,steady_light
102100,1021,1,0,1,steady_light
102200,1022,1,0,1,steady_light
102300,1023,1,0,1,steady_light
102400,1024,1,0,1,steady_light
102500,1025,1,0,1,steady_light
102600,1026,1,0,1,steady_light
102700,1027,1,0,1,steady_light
102800,1028,1,0,1,steady_light
102900,1029,1,0,1,steady_light
103000,1030,1,0,1,steady_light
103100,1031,1,0,1,steady_light
103200,1032,1,0,1,steady_light
103300,1033,1,0,1,steady_light
103400,1034,1,0,1,steady_light
103500,1035,1,0,1,steady_light
103600,1036,1,0,1,steady_light
103700,1037,1,0,1,steady_light
103800,1038,1,0,1,steady_light
103900,1039,1,0,1,steady_light
104000,1040,1,0,1,steady_light
104100,1041,1,0,1,steady_light
104200,1042,1,0,1,steady_light
104300,1043,1,0,0,steady_light
104400,1044,1,0,0,steady_light
104500,1045,1,0,0,steady_light
104600,1046,1,0,0,steady_light
104700,1047,1,0,0,steady_light
104800,1048,1,0,0,steady_light
104900,1049,1,0,0,steady_light
105000,1050,1,0,0,steady_light
105100,1051,1,0,0,steady_light
105200,1052,1,0,0,steady_light
105300,1053,1,0,0,steady_light
105400,1054,1,0,0,steady_light
105500,1055,1,0,0,steady_light
105600,1056,1,0,0,steady_light
105700,1057,1,0,0,steady_light
105800,1058,1,0,0,steady_light
105900,1059,1,0,0,steady_light
106000,1060,1,0,0,steady_light
106100,1061,1,0,0,steady_light
106200,1062,1,0,0,steady_light
106300,1063,1,0,0,steady_light
106400,1064,1,0,0,steady_light
106500,1065,1,0,0,steady_light
106600,1066,1,0,0,steady_light
106700,1067,1,0,0,steady_light
106800,1068,1,0,0,steady_light
106900,1069,1,0,0,steady_light
107000,1070,1,0,0,steady_light
107100,1071,1,0,0,steady_light
107200,1072,1,0,0,steady_light
107300,1073,1,0,0,steady_light
107400,1074,1,0,0,steady_light
107500,1075,1,0,0,steady_light
107616,1076,0,1,1,transition_light_to_dark
107700,1077,0,1,1,steady_dark
107800,1078,0,1,1,steady_dark
107900,1079,0,1,1,steady_dark
108000,1080,0,1,1,steady_dark
108100,1081,0,1,1,steady_dark
108200,1082,0,1,1,steady_dark
108300,1083,0,1,1,steady_dark
108400,1084,0,1,1,steady_dark
108500,1085,0,1,1,steady_dark
108600,1086,0,1,1,steady_dark
108700,1087,1,0,1,transition_dark_to_light
108800,1088,1,0,1,steady_light
108900,1089,1,0,1,steady_light
109000,1090,1,0,1,steady_light
109100,1091,1,0,1,steady_light
109200,1092,1,0,1,steady_light
109300,1093,1,0,1,steady_light
109400,1094,1,0,1,steady_light
109500,1095,1,0,1,steady_light
109600,1096,1,0,1,steady_light
109700,1097,1,0,1,steady_light
109800,1098,1,0,1,steady_light
109900,1099,1,0,1,steady_light
110000,1100,0,0,1,transition_light_to_dark
110100,1101,0,0,1,steady_dark
110200,1102,0,0,1,steady_dark
110300,1103,0,0,1,steady_dark
110400,1104,0,0,1,steady_dark
110500,1105,0,0,1,steady_dark
110600,1106,0,0,1,steady_dark
110700,1107,0,0,1,steady_dark
110800,1108,0,0,1,steady_dark
110900,1109,0,0,1,steady_dark
111000,1110,0,0,1,steady_dark
111100,1111,0,0,1,steady_dark
111200,1112,0,0,1,steady_dark
111300,1113,0,0,1,steady_dark
111400,1114,0,0,1,steady_dark
111500,1115,0,0,1,steady_dark
111600,1116,0,0,1,steady_dark
111700,1117,0,0,1,steady_dark
111800,1118,0,0,1,steady_dark
111900,1119,0,0,1,steady_dark
112000,1120,0,0,1,steady_dark
112100,1121,0,0,1,steady_dark
112200,1122,0,1,1,steady_dark
112300,1123,0,1,1,steady_dark
112400,1124,0,1,1,steady_dark
112500,1125,0,1,1,steady_dark
112600,1126,0,1,1,steady_dark
112700,1127,0,1,1,steady_dark
112800,1128,0,1,1,steady_dark
112900,1129,0,1,1,steady_dark
113000,1130,0,1,1,steady_dark
113100,1131,0,1,1,steady_dark
113200,1132,0,0,1,steady_dark
113300,1133,0,0,1,steady_dark
113400,1134,0,0,1,steady_dark
113500,1135,0,0,1,steady_dark
113600,1136,0,0,1,steady_dark
113700,1137,0,0,1,steady_dark
113800,1138,0,0,1,steady_dark
113900,1139,0,0,1,steady_dark
114000,1140,0,0,1,steady_dark
114100,1141,0,0,1,steady_dark
114200,1142,0,0,1,steady_dark
114300,1143,0,0,1,steady_dark
114400,1144,0,0,1,steady_dark
114500,1145,0,0,1,steady_dark
114600,1146,0,0,1,steady_dark
114700,1147,0,0,1,steady_dark
114800,1148,0,0,1,steady_dark
114900,1149,0,0,1,steady_dark
115000,1150,0,0,1,steady_dark
115100,1151,0,0,1,steady_dark
115200,1152,0,0,1,steady_dark
115300,1153,0,0,1,steady_dark
115400,1154,0,0,1,steady_dark
115500,1155,0,0,1,steady_dark
115600,1156,0,0,1,steady_dark
115700,1157,1,0,1,transition_dark_to_light
115800,1158,1,0,1,steady_light
115900,1159,1,0,1,steady_light
116000,1160,1,0,1,steady_light
116100,1161,1,0,1,steady_light
116200,1162,1,0,1,steady_light
116300,1163,1,0,1,steady_light
116400,1164,1,0,1,steady_light
116500,1165,1,0,1,steady_light
116600,1166,1,0,1,steady_light
116700,1167,1,0,1,steady_light
116800,1168,1,0,1,steady_light
116900,1169,1,0,1,steady_light
117000,1170,1,0,1,steady_light
117100,1171,1,0,1,steady_light
117200,1172,1,0,1,steady_light
117300,1173,1,0,1,steady_light
117400,1174,1,0,1,steady_light
117500,1175,1,0,1,steady_light
117600,1176,1,0,1,steady_light
117700,1177,1,0,1,steady_light
117800,1178,1,0,1,steady_light
117900,1179,1,0,1,steady_light
118000,1180,1,0,1,steady_light
118100,1181,1,0,0,steady_light
118200,1182,1,0,0,steady_light
118300,1183,1,0,0,steady_light
118400,1184,1,0,0,steady_light
118500,1185,1,0,0,steady_light
118600,1186,1,0,0,steady_light
118700,1187,1,0,0,steady_light
118800,1188,1,0,0,steady_light
118900,1189,1,0,0,steady_light
119000,1190,1,0,0,steady_light
119100,1191,1,0,0,steady_light
119200,1192,1,0,0,steady_light
119300,1193,1,0,0,steady_light
119400,1194,1,0,0,steady_light
119500,1195,1,0,0,steady_light
119600,1196,1,0,0,steady_light
119700,1197,1,0,0,steady_light
119800,1198,1,0,0,steady_light
119900,1199,1,0,0,steady_light
120000,1200,1,0,0,steady_light
120100,1201,1,0,0,steady_light
120200,1202,1,0,0,steady_light
120300,1203,1,0,0,steady_light
120400,1204,1,0,0,steady_light
120500,1205,1,0,0,steady_light
120600,1206,1,0,0,steady_light
120700,1207,1,0,0,steady_light
120800,1208,1,0,0,steady_light
120900,1209,1,0,0,steady_light
121000,1210,1,0,0,steady_light
121100,1211,1,0,0,steady_light
121200,1212,1,0,0,steady_light
121300,1213,1,0,0,steady_light
121400,1214,1,0,0,steady_light
121500,1215,1,0,0,steady_light
121600,1216,1,0,0,steady_light
121700,1217,1,0,0,steady_light
121800,1218,1,0,0,steady_light
121900,1219,1,0,0,steady_light
122000,1220,1,0,0,steady_light
122100,1221,1,0,0,steady_light
122200,1222,1,0,0,steady_light
122300,1223,1,0,0,steady_light
122400,1224,1,0,0,steady_light
122500,1225,1,0,0,steady_light
122600,1226,1,0,0,steady_light
122700,1227,1,0,0,steady_light
122800,1228,1,0,0,steady_light
122900,1229,1,0,0,steady_light
123000,1230,1,0,0,steady_light
123100,1231,1,0,0,steady_light
123200,1232,1,0,0,steady_light
123300,1233,0,1,1,transition_light_to_dark
123400,1234,0,1,1,steady_dark
123500,1235,0,1,1,steady_dark
123600,1236,0,1,1,steady_dark
123700,1237,0,1,1,steady_dark
123800,1238,0,1,1,steady_dark
123900,1239,0,1,1,steady_dark
124000,1240,0,1,1,steady_dark
124100,1241,0,1,1,steady_dark
124200,1242,0,1,1,steady_dark
124300,1243,0,0,1,steady_dark
124400,1244,0,0,1,steady_dark
124500,1245,0,0,1,steady_dark
124600,1246,0,0,1,steady_dark
124700,1247,0,0,1,steady_dark
124800,1248,0,0,1,steady_dark
124900,1249,0,0,1,steady_dark
125000,1250,0,0,1,steady_dark
125100,1251,0,0,1,steady_dark
125200,1252,0,0,1,steady_dark
125300,1253,0,0,1,steady_dark
125400,1254,0,0,1,steady_dark
125500,1255,0,0,1,steady_dark
125600,1256,0,0,1,steady_dark
125700,1257,0,0,1,steady_dark
125800,1258,0,0,1,steady_dark
125900,1259,0,0,1,steady_dark
126000,1260,0,0,1,steady_dark
126100,1261,0,0,1,steady_dark
126200,1262,0,0,1,steady_dark
126300,1263,0,0,1,steady_dark
126400,1264,0,0,1,steady_dark
126500,1265,0,0,1,steady_dark
126600,1266,0,0,1,steady_dark
126700,1267,0,0,1,steady_dark
126800,1268,0,0,1,steady_dark
126900,1269,0,0,1,steady_dark
127000,1270,0,0,1,steady_dark
127100,1271,0,0,1,steady_dark
127200,1272,0,0,1,steady_dark
127300,1273,0,0,1,steady_dark
127400,1274,0,0,1,steady_dark
127500,1275,0,0,1,steady_dark
127600,1276,0,0,1,steady_dark
127700,1277,0,0,1,steady_dark
127800,1278,0,0,1,steady_dark
127900,1279,0,0,1,steady_dark
128000,1280,0,0,1,steady_dark
128100,1281,0,0,1,steady_dark
128200,1282,0,0,1,steady_dark
128300,1283,0,0,1,steady_dark
128400,1284,0,0,1,steady_dark
128500,1285,0,0,1,steady_dark
128600,1286,0,0,1,steady_dark
128700,1287,0,0,1,steady_dark
128800,1288,0,1,1,steady_dark
128900,1289,0,1,1,steady_dark
129000,1290,0,1,1,steady_dark
129100,1291,0,1,1,steady_dark
129200,1292,0,1,1,steady_dark
129300,1293,0,1,1,steady_dark
129400,1294,0,1,1,steady_dark
129500,1295,0,1,1,steady_dark
129600,1296,0,1,1,steady_dark
129700,1297,0,1,1,steady_dark
129800,1298,0,1,1,steady_dark
129900,1299,0,0,1,steady_dark
130000,1300,0,0,1,steady_dark
130100,1301,0,0,1,steady_dark
130200,1302,0,0,1,steady_dark
130300,1303,0,0,1,steady_dark
130400,1304,0,0,1,steady_dark
130500,1305,0,0,1,steady_dark
130600,1306,0,0,1,steady_dark
130700,1307,0,0,1,steady_dark
130800,1308,0,0,1,steady_dark
130900,1309,0,0,1,steady_dark
131000,1310,0,0,1,steady_dark
131100,1311,0,0,1,steady_dark
131200,1312,0,0,1,steady_dark
131300,1313,0,0,1,steady_dark
131400,1314,0,0,1,steady_dark
131500,1315,0,0,1,steady_dark
131600,1316,1,0,1,transition_dark_to_light
131700,1317,1,0,1,steady_light
131800,1318,1,0,1,steady_light
131900,1319,1,0,1,steady_light
132000,1320,1,0,1,steady_light
132100,1321,1,0,1,steady_light
132200,1322,1,0,1,steady_light
132300,1323,1,0,1,steady_light
132400,1324,1,0,1,steady_light
132500,1325,1,0,1,steady_light
132600,1326,1,0,1,steady_light
132700,1327,1,0,1,steady_light
132800,1328,1,0,1,steady_light
132900,1329,1,0,1,steady_light
133000,1330,1,0,1,steady_light
133100,1331,1,0,1,steady_light
133200,1332,1,0,1,steady_light
133300,1333,1,0,1,steady_light
133400,1334,1,0,1,steady_light
133500,1335,1,0,1,steady_light
133600,1336,1,0,1,steady_light
133700,1337,1,0,0,steady_light
133800,1338,1,0,0,steady_light
133900,1339,1,0,0,steady_light
134000,1340,1,0,0,steady_light
134100,1341,1,0,0,steady_light
134200,1342,1,0,0,steady_light
134300,1343,1,0,0,steady_light
134400,1344,1,0,0,steady_light
134500,1345,1,0,0,steady_light
134600,1346,1,0,0,steady_light
134700,1347,1,0,0,steady_light
134800,1348,1,0,0,steady_light
134900,1349,1,0,0,steady_light
135000,1350,1,0,0,steady_light
135100,1351,1,0,0,steady_light
135200,1352,1,0,0,steady_light
135300,1353,1,0,0,steady_light
135400,1354,1,0,0,steady_light
135500,1355,1,0,0,steady_light
135600,1356,1,0,0,steady_light
135700,1357,1,0,0,steady_light
135800,1358,1,0,0,steady_light
135900,1359,1,0,0,steady_light
136000,1360,1,0,0,steady_light
136100,1361,1,0,0,steady_light
136200,1362,1,0,0,steady_light
136300,1363,1,0,0,steady_light
136400,1364,1,0,0,steady_light
136500,1365,1,0,0,steady_light
136600,1366,1,0,0,steady_light
136700,1367,1,0,0,steady_light
136800,1368,1,0,0,steady_light
136900,1369,1,0,0,steady_light
137000,1370,1,0,0,steady_light
137100,1371,1,0,0,steady_light
137200,1372,1,0,0,steady_light
137300,1373,1,0,0,steady_light
137400,1374,1,0,0,steady_light
137500,1375,1,0,0,steady_light
137600,1376,1,0,0,steady_light
137700,1377,1,0,0,steady_light
137800,1378,1,0,0,steady_light
137900,1379,1,0,0,steady_light
138000,1380,1,0,0,steady_light
138100,1381,1,0,0,steady_light
138200,1382,1,0,0,steady_light
138300,1383,1,0,0,steady_light
138400,1384,1,0,0,steady_light
138500,1385,1,0,0,steady_light
138600,1386,1,0,0,steady_light
138700,1387,1,0,0,steady_light
138800,1388,1,0,0,steady_light
138900,1389,1,0,0,steady_light
139000,1390,1,0,0,steady_light
139100,1391,1,0,0,steady_light
139200,1392,1,0,0,steady_light
139300,1393,1,0,0,steady_light
139400,1394,1,0,0,steady_light
139500,1395,1,0,0,steady_light
139600,1396,1,0,0,steady_light
139700,1397,1,0,0,steady_light
139800,1398,1,0,0,steady_light
139900,1399,1,0,0,steady_light
140000,1400,1,0,0,steady_light
140100,1401,1,0,0,steady_light
140200,1402,1,0,0,steady_light
140300,1403,1,0,0,steady_light
140400,1404,1,0,0,steady_light
140500,1405,1,0,0,steady_light
140600,1406,1,0,0,steady_light
140700,1407,1,0,0,steady_light
140800,1408,1,0,0,steady_light
140900,1409,1,0,0,steady_light
141000,1410,1,0,0,steady_light
141100,1411,1,0,0,steady_light
141200,1412,1,0,0,steady_light
141300,1413,1,0,0,steady_light
141400,1414,1,0,0,steady_light
141500,1415,1,0,0,steady_light
141600,1416,1,0,0,steady_light
141700,1417,1,0,0,steady_light
141800,1418,1,0,0,steady_light
141900,1419,1,0,0,steady_light
142000,1420,1,0,0,steady_light
142100,1421,1,0,0,steady_light
142200,1422,1,0,0,steady_light
142300,1423,1,0,0,steady_light
142400,1424,1,0,0,steady_light
142500,1425,1,0,0,steady_light
142600,1426,1,0,0,steady_light
142700,1427,1,0,0,steady_light
142800,1428,1,0,0,steady_light
142900,1429,0,1,1,transition_light_to_dark
143000,1430,0,1,1,steady_dark
143100,1431,0,1,1,steady_dark
143200,1432,0,1,1,steady_dark
143300,1433,0,1,1,steady_dark
143400,1434,0,1,1,steady_dark
143500,1435,0,1,1,steady_dark
143600,1436,0,1,1,steady_dark
143700,1437,0,1,1,steady_dark
143800,1438,0,1,1,steady_dark
143900,1439,0,0,1,steady_dark
144000,1440,0,0,1,steady_dark
144100,1441,0,0,1,steady_dark
144200,1442,0,0,1,steady_dark
144300,1443,0,0,1,steady_dark
144400,1444,0,0,1,steady_dark
144500,1445,0,0,1,steady_dark
144600,1446,0,0,1,steady_dark
144700,1447,0,0,1,steady_dark
144800,1448,0,0,1,steady_dark
144900,1449,0,0,1,steady_dark
145000,1450,0,0,1,steady_dark
145100,1451,0,0,1,steady_dark
145200,1452,0,0,1,steady_dark
145300,1453,0,0,1,steady_dark
145400,1454,0,0,1,steady_dark
145500,1455,0,0,1,steady_dark
145600,1456,0,0,1,steady_dark
145700,1457,0,0,1,steady_dark
145800,1458,0,0,1,steady_dark
145900,1459,0,0,1,steady_dark
146000,1460,0,0,1,steady_dark
146100,1461,0,0,1,steady_dark
146200,1462,0,0,1,steady_dark
146300,1463,0,0,1,steady_dark
146400,1464,0,0,1,steady_dark
146500,1465,0,0,1,steady_dark
146600,1466,0,0,1,steady_dark
146700,1467,0,0,1,steady_dark
146800,1468,0,0,1,steady_dark
146900,1469,0,0,1,steady_dark
147000,1470,0,0,1,steady_dark
147100,1471,0,0,1,steady_dark
147200,1472,0,0,1,steady_dark
147300,1473,0,0,1,steady_dark
147400,1474,0,0,1,steady_dark
147500,1475,0,0,1,steady_dark
147600,1476,0,0,1,steady_dark
147700,1477,0,0,1,steady_dark
147800,1478,0,0,1,steady_dark
147900,1479,0,0,1,steady_dark
148000,1480,0,1,1,steady_dark
148100,1481,0,1,1,steady_dark
148200,1482,1,1,1,transition_dark_to_light
148300,1483,1,1,1,steady_light
148400,1484,1,1,1,steady_light
148500,1485,1,1,1,steady_light
148600,1486,1,1,1,steady_light
148700,1487,1,1,1,steady_light
148800,1488,1,1,1,steady_light
148900,1489,1,1,1,steady_light
149000,1490,1,1,1,steady_light
149100,1491,1,0,1,steady_light
149200,1492,1,0,1,steady_light
149300,1493,1,0,1,steady_light
149400,1494,1,0,1,steady_light
149500,1495,1,0,1,steady_light
149600,1496,1,0,1,steady_light
149700,1497,1,0,1,steady_light
149800,1498,1,0,1,steady_light
149900,1499,1,0,1,steady_light
150000,1500,1,0,1,steady_light
150100,1501,1,0,1,steady_light
150200,1502,1,0,1,steady_light
150300,1503,1,0,1,steady_light
150400,1504,1,0,1,steady_light
150500,1505,1,0,1,steady_light
150600,1506,1,0,1,steady_light
150700,1507,1,0,1,steady_light
150800,1508,1,0,1,steady_light
150900,1509,1,0,1,steady_light
151000,1510,1,0,1,steady_light
151100,1511,1,0,1,steady_light
151200,1512,1,0,1,steady_light
151300,1513,1,0,1,steady_light
151400,1514,1,0,1,steady_light
151500,1515,1,0,1,steady_light
151600,1516,1,0,1,steady_light
151700,1517,1,0,1,steady_light
151800,1518,1,0,1,steady_light
151900,1519,1,0,1,steady_light
152000,1520,1,0,1,steady_light
152100,1521,1,0,1,steady_light
152200,1522,1,0,1,steady_light
152300,1523,1,0,0,steady_light
152400,1524,1,0,0,steady_light
152500,1525,1,0,0,steady_light
152600,1526,1,0,0,steady_light
152700,1527,1,0,0,steady_light
152800,1528,1,0,0,steady_light
152900,1529,1,0,0,steady_light
153000,1530,1,0,0,steady_light
153100,1531,1,0,0,steady_light
153200,1532,1,0,0,steady_light
153300,1533,1,0,0,steady_light
153400,1534,1,0,0,steady_light
153500,1535,1,0,0,steady_light
153600,1536,1,0,0,steady_light
153700,1537,1,0,0,steady_light
153800,1538,1,0,0,steady_light
153900,1539,1,0,0,steady_light
154000,1540,1,0,0,steady_light
154100,1541,1,0,0,steady_light
154200,1542,1,0,0,steady_light
154300,1543,1,0,0,steady_light
154400,1544,1,0,0,steady_light
154500,1545,1,0,0,steady_light
154600,1546,1,0,0,steady_light
154700,1547,1,0,0,steady_light
154800,1548,1,0,0,steady_light
154900,1549,1,0,0,steady_light
155000,1550,1,0,0,steady_light
155100,1551,1,0,0,steady_light
155200,1552,1,0,0,steady_light
155300,1553,1,0,0,steady_light
155400,1554,1,0,0,steady_light
155500,1555,1,0,0,steady_light
155600,1556,1,0,0,steady_light
155700,1557,1,0,0,steady_light
155800,1558,1,0,0,steady_light
155900,1559,1,0,0,steady_light
156000,1560,1,0,0,steady_light
156100,1561,1,0,0,steady_light
156200,1562,1,0,0,steady_light
156300,1563,1,0,0,steady_light
156400,1564,1,0,0,steady_light
156500,1565,1,0,0,steady_light
156600,1566,1,0,0,steady_light
156700,1567,1,0,0,steady_light
156800,1568,1,0,0,steady_light
156900,1569,1,0,0,steady_light
157000,1570,1,0,0,steady_light
157100,1571,1,0,0,steady_light
157200,1572,1,0,0,steady_light
157300,1573,1,0,0,steady_light
157400,1574,1,0,0,steady_light
157500,1575,1,0,0,steady_light
157600,1576,1,0,0,steady_light
157700,1577,1,0,0,steady_light
157800,1578,1,0,0,steady_light
157900,1579,1,0,0,steady_light
158000,1580,1,0,0,steady_light
158100,1581,0,1,1,transition_light_to_dark
158200,1582,0,1,1,steady_dark
158300,1583,0,1,1,steady_dark
158400,1584,0,1,1,steady_dark
158500,1585,0,1,1,steady_dark
158600,1586,0,1,1,steady_dark
158700,1587,0,1,1,steady_dark
158800,1588,0,1,1,steady_dark
158900,1589,0,1,1,steady_dark
159000,1590,0,1,1,steady_dark
159100,1591,0,1,1,steady_dark
159200,1592,0,0,1,steady_dark
159300,1593,0,0,1,steady_dark
159400,1594,0,0,1,steady_dark
159500,1595,0,0,1,steady_dark
159600,1596,0,0,1,steady_dark
159700,1597,0,0,1,steady_dark
159800,1598,0,0,1,steady_dark
159900,1599,0,0,1,steady_dark
160000,1600,0,0,1,steady_dark
160100,1601,0,0,1,steady_dark
160200,1602,0,0,1,steady_dark
160300,1603,0,0,1,steady_dark
160400,1604,0,0,1,steady_dark
160500,1605,0,0,1,steady_dark
160600,1606,0,0,1,steady_dark
160700,1607,0,0,1,steady_dark
160800,1608,0,0,1,steady_dark
160900,1609,0,0,1,steady_dark
161000,1610,0,0,1,steady_dark
161100,1611,0,0,1,steady_dark
161200,1612,0,0,1,steady_dark
161300,1613,0,0,1,steady_dark
161400,1614,0,0,1,steady_dark
161500,1615,0,0,1,steady_dark
161600,1616,0,0,1,steady_dark
161700,1617,0,0,1,steady_dark
161800,1618,0,0,1,steady_dark
161900,1619,0,0,1,steady_dark
162000,1620,0,0,1,steady_dark
162100,1621,0,0,1,steady_dark
162200,1622,0,0,1,steady_dark
162300,1623,0,0,1,steady_dark
162400,1624,0,0,1,steady_dark
162500,1625,0,0,1,steady_dark
162600,1626,0,0,1,steady_dark
162700,1627,0,0,1,steady_dark
162800,1628,0,0,1,steady_dark
162900,1629,0,0,1,steady_dark
163000,1630,0,0,1,steady_dark
163100,1631,0,0,1,steady_dark
163200,1632,0,0,1,steady_dark
163300,1633,0,1,1,steady_dark
163400,1634,0,1,1,steady_dark
163500,1635,0,1,1,steady_dark
163600,1636,0,1,1,steady_dark
163700,1637,0,1,1,steady_dark
163800,1638,0,1,1,steady_dark
163900,1639,0,1,1,steady_dark
164000,1640,0,1,1,steady_dark
164100,1641,0,1,1,steady_dark
164200,1642,0,1,1,steady_dark
164300,1643,0,1,1,steady_dark
164400,1644,0,0,1,steady_dark
164500,1645,0,0,1,steady_dark
164600,1646,1,0,1,transition_dark_to_light
164700,1647,1,0,1,steady_light
164800,1648,1,0,1,steady_light
164900,1649,1,0,1,steady_light
165000,1650,1,0,1,steady_light
165100,1651,1,0,1,steady_light
165200,1652,1,0,1,steady_light
165300,1653,1,0,1,steady_light
165400,1654,1,0,1,steady_light
165500,1655,1,0,1,steady_light
165600,1656,1,0,1,steady_light
165700,1657,1,0,1,steady_light
165800,1658,1,0,1,steady_light
165900,1659,1,0,1,steady_light
166000,1660,1,0,1,steady_light
166100,1661,1,0,1,steady_light
166200,1662,1,0,1,steady_light
166300,1663,1,0,1,steady_light
166400,1664,1,0,1,steady_light
166500,1665,1,0,1,steady_light
166600,1666,1,0,1,steady_light
166700,1667,1,0,1,steady_light
166800,1668,1,0,1,steady_light
166900,1669,1,0,1,steady_light
167000,1670,1,0,1,steady_light
167100,1671,1,0,1,steady_light
167200,1672,1,0,1,steady_light
167300,1673,1,0,1,steady_light
167400,1674,1,0,1,steady_light
167500,1675,1,0,1,steady_light
167600,1676,1,0,1,steady_light
167700,1677,1,0,1,steady_light
167800,1678,1,0,1,steady_light
167900,1679,1,0,1,steady_light
168000,1680,1,0,1,steady_light
168100,1681,1,0,1,steady_light
168200,1682,1,0,1,steady_light
168300,1683,1,0,1,steady_light
168400,1684,1,0,1,steady_light
168500,1685,1,0,1,steady_light
168600,1686,1,0,1,steady_light
168700,1687,1,0,1,steady_light
168800,1688,1,0,1,steady_light
168900,1689,1,0,1,steady_light
169000,1690,1,0,0,steady_light
169100,1691,1,0,0,steady_light
169200,1692,1,0,0,steady_light
169300,1693,1,0,0,steady_light
169400,1694,1,0,0,steady_light
169500,1695,1,0,0,steady_light
169600,1696,1,0,0,steady_light
169700,1697,1,0,0,steady_light
169800,1698,1,0,0,steady_light
169900,1699,1,0,0,steady_light
170000,1700,1,0,0,steady_light
170100,1701,1,0,0,steady_light
170200,1702,1,0,0,steady_light
170300,1703,1,0,0,steady_light
170400,1704,1,0,0,steady_light
170500,1705,1,0,0,steady_light
170600,1706,1,0,0,steady_light
170700,1707,1,0,0,steady_light
170800,1708,1,0,0,steady_light
170900,1709,1,0,0,steady_light
171000,1710,1,0,0,steady_light
171100,1711,1,0,0,steady_light
171200,1712,1,0,0,steady_light
171300,1713,1,0,0,steady_light
171400,1714,1,0,0,steady_light
171500,1715,1,0,0,steady_light
171600,1716,1,0,0,steady_light
171700,1717,1,0,0,steady_light
171800,1718,1,0,0,steady_light
171900,1719,1,0,0,steady_light
172000,1720,1,0,0,steady_light
172100,1721,1,0,0,steady_light
172200,1722,1,0,0,steady_light
172300,1723,1,0,0,steady_light
172400,1724,1,0,0,steady_light
172500,1725,1,0,0,steady_light
172600,1726,1,0,0,steady_light
172700,1727,1,0,0,steady_light
172800,1728,1,0,0,steady_light
172900,1729,1,0,0,steady_light
173000,1730,1,0,0,steady_light
173100,1731,1,0,0,steady_light
173200,1732,1,0,0,steady_light
173300,1733,1,0,0,steady_light
173400,1734,1,0,0,steady_light
173500,1735,1,0,0,steady_light
173600,1736,1,0,0,steady_light
173700,1737,1,0,0,steady_light
173800,1738,1,0,0,steady_light
173900,1739,1,0,0,steady_light
174000,1740,1,0,0,steady_light
174100,1741,1,0,0,steady_light
174200,1742,1,0,0,steady_light
174300,1743,1,0,0,steady_light
174400,1744,1,0,0,steady_light
174500,1745,1,0,0,steady_light
174600,1746,1,0,0,steady_light
174700,1747,1,0,0,steady_light
174800,1748,1,0,0,steady_light
174900,1749,1,0,0,steady_light
175000,1750,1,0,0,steady_light
175100,1751,1,0,0,steady_light
175200,1752,1,0,0,steady_light
175300,1753,1,0,0,steady_light
175400,1754,1,0,0,steady_light
175500,1755,1,0,0,steady_light
175600,1756,1,0,0,steady_light
175700,1757,1,0,0,steady_light
175800,1758,1,0,0,steady_light
175900,1759,1,0,0,steady_light
176000,1760,1,0,0,steady_light
176100,1761,1,0,0,steady_light
176200,1762,1,0,0,steady_light
176300,1763,1,0,0,steady_light
176400,1764,1,0,0,steady_light
176500,1765,1,0,0,steady_light
176600,1766,1,0,0,steady_light
176700,1767,1,0,0,steady_light
176800,1768,1,0,0,steady_light
176900,1769,1,0,0,steady_light
177000,1770,1,0,0,steady_light
177100,1771,1,0,0,steady_light
177200,1772,1,0,0,steady_light
177300,1773,0,1,1,transition_light_to_dark
177400,1774,0,1,1,steady_dark
177500,1775,0,1,1,steady_dark
177600,1776,0,1,1,steady_dark
177700,1777,0,1,1,steady_dark
177800,1778,0,1,1,steady_dark
177900,1779,0,1,1,steady_dark
178000,1780,0,1,1,steady_dark
178100,1781,0,1,1,steady_dark
178200,1782,0,1,1,steady_dark
178300,1783,0,0,1,steady_dark
178400,1784,0,0,1,steady_dark
178500,1785,0,0,1,steady_dark
178600,1786,0,0,1,steady_dark
178700,1787,0,0,1,steady_dark
178800,1788,0,0,1,steady_dark
178900,1789,0,0,1,steady_dark
179000,1790,0,0,1,steady_dark
179100,1791,0,0,1,steady_dark
179200,1792,0,0,1,steady_dark
179300,1793,0,0,1,steady_dark
179400,1794,0,0,1,steady_dark
179500,1795,0,0,1,steady_dark
179600,1796,0,0,1,steady_dark
179700,1797,0,0,1,steady_dark
179800,1798,0,0,1,steady_dark
179900,1799,0,0,1,steady_dark
180000,1800,0,0,1,steady_dark
180100,1801,0,0,1,steady_dark
180200,1802,0,0,1,steady_dark
180300,1803,0,0,1,steady_dark
180400,1804,0,0,1,steady_dark
180500,1805,0,0,1,steady_dark
180600,1806,0,0,1,steady_dark
180700,1807,0,0,1,steady_dark
180800,1808,0,0,1,steady_dark
180900,1809,0,1,1,steady_dark
181000,1810,0,1,1,steady_dark
181100,1811,0,1,1,steady_dark
181200,1812,0,1,1,steady_dark
181300,1813,0,1,1,steady_dark
181400,1814,0,1,1,steady_dark
181500,1815,0,1,1,steady_dark
181600,1816,0,1,1,steady_dark
181700,1817,0,1,1,steady_dark
181800,1818,0,1,1,steady_dark
181900,1819,0,0,1,steady_dark
182000,1820,0,0,1,steady_dark
182100,1821,0,0,1,steady_dark
182200,1822,0,0,1,steady_dark
182300,1823,0,0,1,steady_dark
182400,1824,0,0,1,steady_dark
182500,1825,0,0,1,steady_dark
182600,1826,0,0,1,steady_dark
182700,1827,0,0,1,steady_dark
182800,1828,0,0,1,steady_dark
182900,1829,0,0,1,steady_dark
183000,1830,0,0,1,steady_dark
183100,1831,0,0,1,steady_dark
183200,1832,0,0,1,steady_dark
183300,1833,0,0,1,steady_dark
183400,1834,0,0,1,steady_dark
183500,1835,0,0,1,steady_dark
183600,1836,0,0,1,steady_dark
183700,1837,0,0,1,steady_dark
183800,1838,0,0,1,steady_dark
183900,1839,0,0,1,steady_dark
184000,1840,0,0,1,steady_dark
184100,1841,0,0,1,steady_dark
184200,1842,0,0,1,steady_dark
184300,1843,0,0,1,steady_dark
184400,1844,0,0,1,steady_dark
184500,1845,0,0,1,steady_dark
184600,1846,0,0,1,steady_dark
184700,1847,0,0,1,steady_dark
184800,1848,0,0,1,steady_dark
184900,1849,0,0,1,steady_dark
185000,1850,0,0,1,steady_dark
185100,1851,0,0,1,steady_dark
185200,1852,0,0,1,steady_dark
185300,1853,0,0,1,steady_dark
185400,1854,0,0,1,steady_dark
185500,1855,0,0,1,steady_dark
185600,1856,0,0,1,steady_dark
185700,1857,0,0,1,steady_dark
185800,1858,0,0,1,steady_dark
185900,1859,0,0,1,steady_dark
186000,1860,0,0,1,steady_dark
186100,1861,0,0,1,steady_dark
186200,1862,0,0,1,steady_dark
186300,1863,0,1,1,steady_dark
186400,1864,0,1,1,steady_dark
186500,1865,0,1,1,steady_dark
186600,1866,0,1,1,steady_dark
186700,1867,0,1,1,steady_dark
186800,1868,0,1,1,steady_dark
186900,1869,0,1,1,steady_dark
187000,1870,0,1,1,steady_dark
187100,1871,0,1,1,steady_dark
187200,1872,0,1,1,steady_dark
187300,1873,0,1,1,steady_dark
187400,1874,0,0,1,steady_dark
187500,1875,0,0,1,steady_dark
187600,1876,0,0,1,steady_dark
187700,1877,0,0,1,steady_dark
187800,1878,0,0,1,steady_dark
187900,1879,0,0,1,steady_dark
188000,1880,0,0,1,steady_dark
188100,1881,0,0,1,steady_dark
188200,1882,0,0,1,steady_dark
188300,1883,0,0,1,steady_dark
188400,1884,0,0,1,steady_dark
188500,1885,0,0,1,steady_dark
188600,1886,0,0,1,steady_dark
188700,1887,0,0,1,steady_dark
188800,1888,0,0,1,steady_dark
188900,1889,0,0,1,steady_dark
189000,1890,0,0,1,steady_dark
189100,1891,0,0,1,steady_dark
189200,1892,0,0,1,steady_dark
189300,1893,0,0,1,steady_dark
189400,1894,0,0,1,steady_dark
189500,1895,0,0,1,steady_dark
189600,1896,0,0,1,steady_dark
189700,1897,0,0,1,steady_dark
189800,1898,0,0,1,steady_dark
189900,1899,0,0,1,steady_dark
190000,1900,0,0,1,steady_dark
190100,1901,0,0,1,steady_dark
190200,1902,0,0,1,steady_dark
190300,1903,0,0,1,steady_dark
190400,1904,0,0,1,steady_dark
190500,1905,0,0,1,steady_dark
190600,1906,0,1,1,steady_dark
190700,1907,0,1,1,steady_dark
190800,1908,0,1,1,steady_dark
190900,1909,0,1,1,steady_dark
191000,1910,0,1,1,steady_dark
191100,1911,0,1,1,steady_dark
191200,1912,0,1,1,steady_dark
191300,1913,0,1,1,steady_dark
191400,1914,0,1,1,steady_dark
191500,1915,0,1,1,steady_dark
191600,1916,0,0,1,steady_dark
191700,1917,0,0,1,steady_dark
191800,1918,0,0,1,steady_dark
191900,1919,0,0,1,steady_dark
192000,1920,0,0,1,steady_dark
192100,1921,0,0,1,steady_dark
192200,1922,0,0,1,steady_dark
192300,1923,0,0,1,steady_dark
192400,1924,0,0,1,steady_dark
192500,1925,0,0,1,steady_dark
192600,1926,0,0,1,steady_dark
192700,1927,0,0,1,steady_dark
192800,1928,0,0,1,steady_dark
192900,1929,0,0,1,steady_dark
193000,1930,0,0,1,steady_dark
193100,1931,0,0,1,steady_dark
193200,1932,0,0,1,steady_dark
193300,1933,1,0,1,transition_dark_to_light
193400,1934,1,0,1,steady_light
193500,1935,1,0,1,steady_light
193600,1936,1,0,1,steady_light
193700,1937,1,0,1,steady_light
193800,1938,1,0,1,steady_light
193900,1939,1,0,1,steady_light
194000,1940,1,0,1,steady_light
194100,1941,1,0,1,steady_light
194200,1942,1,0,1,steady_light
194300,1943,1,0,1,steady_light
194400,1944,1,0,1,steady_light
194500,1945,1,0,1,steady_light
194600,1946,1,0,1,steady_light
194700,1947,1,0,1,steady_light
194800,1948,1,0,1,steady_light
194900,1949,1,0,1,steady_light
195000,1950,1,0,1,steady_light
195100,1951,1,0,1,steady_light
195200,1952,1,0,1,steady_light
195300,1953,1,0,1,steady_light
195400,1954,1,0,1,steady_light
195500,1955,1,0,1,steady_light
195600,1956,1,0,1,steady_light
195700,1957,1,0,1,steady_light
195800,1958,1,0,1,steady_light
195900,1959,1,0,1,steady_light
196000,1960,1,0,1,steady_light
196100,1961,1,0,1,steady_light
196200,1962,1,0,1,steady_light
196300,1963,1,0,1,steady_light
196400,1964,1,0,1,steady_light
196500,1965,1,0,0,steady_light
196600,1966,1,0,0,steady_light
196700,1967,1,0,0,steady_light
196800,1968,1,0,0,steady_light
196900,1969,1,0,0,steady_light
197000,1970,1,0,0,steady_light
197100,1971,1,0,0,steady_light
197200,1972,1,0,0,steady_light
197300,1973,1,0,0,steady_light
197400,1974,1,0,0,steady_light
197500,1975,1,0,0,steady_light
197600,1976,1,0,0,steady_light
197700,1977,1,0,0,steady_light
197800,1978,1,0,0,steady_light
197900,1979,1,0,0,steady_light
198000,1980,1,0,0,steady_light
198100,1981,1,0,0,steady_light
198200,1982,1,0,0,steady_light
198300,1983,1,0,0,steady_light
198400,1984,1,0,0,steady_light
198500,1985,1,0,0,steady_light
198600,1986,1,0,0,steady_light
198700,1987,1,0,0,steady_light
198800,1988,1,0,0,steady_light
198900,1989,1,0,0,steady_light
199000,1990,1,0,0,steady_light
199100,1991,1,0,0,steady_light
199200,1992,1,0,0,steady_light
199300,1993,1,0,0,steady_light
199400,1994,1,0,0,steady_light
199500,1995,1,0,0,steady_light
199600,1996,1,0,0,steady_light
199700,1997,1,0,0,steady_light
199800,1998,1,0,0,steady_light
199900,1999,1,0,0,steady_light
200000,2000,1,0,0,steady_light
200100,2001,1,0,0,steady_light
200200,2002,1,0,0,steady_light
200300,2003,1,0,0,steady_light
200400,2004,1,0,0,steady_light
200500,2005,1,0,0,steady_light
200600,2006,1,0,0,steady_light
200700,2007,1,0,0,steady_light
200800,2008,1,0,0,steady_light
200900,2009,1,0,0,steady_light
201000,2010,1,0,0,steady_light
201100,2011,1,0,0,steady_light
201200,2012,1,0,0,steady_light
201300,2013,1,0,0,steady_light
201400,2014,1,0,0,steady_light
201500,2015,1,0,0,steady_light
201600,2016,1,0,0,steady_light
201700,2017,1,0,0,steady_light
201800,2018,1,0,0,steady_light
201900,2019,1,0,0,steady_light
202000,2020,1,0,0,steady_light
202100,2021,1,0,0,steady_light
202200,2022,1,0,0,steady_light
202300,2023,1,0,0,steady_light
202400,2024,1,0,0,steady_light
202500,2025,1,0,0,steady_light
202600,2026,1,0,0,steady_light
202700,2027,1,0,0,steady_light
202800,2028,1,0,0,steady_light
202900,2029,1,0,0,steady_light
203000,2030,1,0,0,steady_light
203100,2031,1,0,0,steady_light
203200,2032,1,0,0,steady_light
203300,2033,1,0,0,steady_light
203400,2034,1,0,0,steady_light
203500,2035,1,0,0,steady_light
203600,2036,0,1,1,transition_light_to_dark
203700,2037,0,1,1,steady_dark
203800,2038,0,1,1,steady_dark
203900,2039,0,1,1,steady_dark
204000,2040,0,1,1,steady_dark
204100,2041,0,1,1,steady_dark
204200,2042,0,1,1,steady_dark
204300,2043,0,1,1,steady_dark
204400,2044,0,1,1,steady_dark
204500,2045,0,1,1,steady_dark
204600,2046,0,1,1,steady_dark
204700,2047,0,0,1,steady_dark
204800,2048,0,0,1,steady_dark
204900,2049,0,0,1,steady_dark
205000,2050,0,0,1,steady_dark
205100,2051,0,0,1,steady_dark
205200,2052,0,0,1,steady_dark
205300,2053,0,0,1,steady_dark
205400,2054,0,0,1,steady_dark
205500,2055,0,0,1,steady_dark
205600,2056,0,0,1,steady_dark
205700,2057,0,0,1,steady_dark
205800,2058,0,0,1,steady_dark
205900,2059,0,0,1,steady_dark
206000,2060,0,0,1,steady_dark
206100,2061,0,0,1,steady_dark
206200,2062,0,0,1,steady_dark
206300,2063,0,0,1,steady_dark
206400,2064,0,0,1,steady_dark
206500,2065,0,0,1,steady_dark
206600,2066,0,0,1,steady_dark
206700,2067,0,0,1,steady_dark
206800,2068,0,0,1,steady_dark
206900,2069,0,0,1,steady_dark
207000,2070,0,0,1,steady_dark
207100,2071,0,0,1,steady_dark
207200,2072,0,0,1,steady_dark
207300,2073,0,0,1,steady_dark
207400,2074,0,0,1,steady_dark
207500,2075,0,0,1,steady_dark
207600,2076,0,0,1,steady_dark
207700,2077,0,0,1,steady_dark
207800,2078,0,0,1,steady_dark
207900,2079,0,0,1,steady_dark
208000,2080,0,0,1,steady_dark
208100,2081,0,0,1,steady_dark
208200,2082,0,0,1,steady_dark
208300,2083,0,0,1,steady_dark
208400,2084,0,1,1,steady_dark
208500,2085,0,1,1,steady_dark
208600,2086,0,1,1,steady_dark
208700,2087,0,1,1,steady_dark
208800,2088,0,1,1,steady_dark
208900,2089,0,1,1,steady_dark
209000,2090,0,1,1,steady_dark
209100,2091,0,1,1,steady_dark
209200,2092,0,1,1,steady_dark
209300,2093,0,1,1,steady_dark
209400,2094,0,0,1,steady_dark
209500,2095,0,0,1,steady_dark
209600,2096,0,0,1,steady_dark
209700,2097,0,0,1,steady_dark
209800,2098,0,0,1,steady_dark
209900,2099,0,0,1,steady_dark
210000,2100,0,0,1,steady_dark
210100,2101,0,0,1,steady_dark
210200,2102,0,0,1,steady_dark
210300,2103,0,0,1,steady_dark
210400,2104,0,0,1,steady_dark
210500,2105,0,0,1,steady_dark
210600,2106,0,0,1,steady_dark
210700,2107,0,0,1,steady_dark
210800,2108,0,0,1,steady_dark
210900,2109,0,0,1,steady_dark
211000,2110,0,0,1,steady_dark
211100,2111,0,0,1,steady_dark
211200,2112,0,0,1,steady_dark
211300,2113,0,0,1,steady_dark
211400,2114,0,0,1,steady_dark
211500,2115,0,0,1,steady_dark
211600,2116,0,0,1,steady_dark
211700,2117,0,0,1,steady_dark
211800,2118,0,1,1,steady_dark
211900,2119,0,1,1,steady_dark
212000,2120,0,1,1,steady_dark
212100,2121,0,1,1,steady_dark
212200,2122,0,1,1,steady_dark
212300,2123,0,1,1,steady_dark
212400,2124,0,1,1,steady_dark
212500,2125,0,1,1,steady_dark
212600,2126,0,1,1,steady_dark
212700,2127,0,1,1,steady_dark
212800,2128,0,0,1,steady_dark
212900,2129,0,0,1,steady_dark
213000,2130,0,0,1,steady_dark
213100,2131,0,0,1,steady_dark
213200,2132,0,0,1,steady_dark
213300,2133,0,0,1,steady_dark
213400,2134,0,0,1,steady_dark
213500,2135,0,0,1,steady_dark
213600,2136,0,0,1,steady_dark
213700,2137,0,0,1,steady_dark
213800,2138,0,0,1,steady_dark
213900,2139,0,0,1,steady_dark
214000,2140,0,0,1,steady_dark
214100,2141,0,0,1,steady_dark
214200,2142,0,0,1,steady_dark
214300,2143,0,0,1,steady_dark
214400,2144,0,0,1,steady_dark
214500,2145,0,0,1,steady_dark
214600,2146,0,0,1,steady_dark
214700,2147,0,0,1,steady_dark
214800,2148,0,0,1,steady_dark
214900,2149,0,0,1,steady_dark
215000,2150,0,0,1,steady_dark
215100,2151,0,0,1,steady_dark
215200,2152,0,0,1,steady_dark
215300,2153,0,0,1,steady_dark
215400,2154,0,0,1,steady_dark
215500,2155,0,0,1,steady_dark
215600,2156,0,0,1,steady_dark
215700,2157,0,0,1,steady_dark
215800,2158,0,0,1,steady_dark
215900,2159,0,0,1,steady_dark
216000,2160,0,1,1,steady_dark
216100,2161,0,1,1,steady_dark
216200,2162,0,1,1,steady_dark
216300,2163,0,1,1,steady_dark
216400,2164,0,1,1,steady_dark
216500,2165,0,1,1,steady_dark
216600,2166,0,1,1,steady_dark
216700,2167,0,1,1,steady_dark
216800,2168,0,1,1,steady_dark
216900,2169,0,1,1,steady_dark
217000,2170,0,1,1,steady_dark
217100,2171,0,0,1,steady_dark
217200,2172,0,0,1,steady_dark
217300,2173,0,0,1,steady_dark
217400,2174,0,0,1,steady_dark
217500,2175,0,0,1,steady_dark
217600,2176,0,0,1,steady_dark
217700,2177,0,0,1,steady_dark
217800,2178,0,0,1,steady_dark
217900,2179,0,0,1,steady_dark
218000,2180,0,0,1,steady_dark
218100,2181,0,0,1,steady_dark
218200,2182,0,0,1,steady_dark
218300,2183,0,0,1,steady_dark
218400,2184,0,0,1,steady_dark
218500,2185,0,0,1,steady_dark
218600,2186,0,0,1,steady_dark
218700,2187,0,0,1,steady_dark
218800,2188,0,0,1,steady_dark
218900,2189,0,0,1,steady_dark
219000,2190,0,0,1,steady_dark
219100,2191,0,0,1,steady_dark
219200,2192,0,0,1,steady_dark
219300,2193,0,0,1,steady_dark
219400,2194,1,0,1,transition_dark_to_light
219500,2195,1,0,1,steady_light
219600,2196,1,0,1,steady_light
219700,2197,1,0,1,steady_light
219800,2198,1,0,1,steady_light
219900,2199,1,0,1,steady_light
220000,2200,1,0,1,steady_light
220100,2201,1,0,1,steady_light
220200,2202,1,0,0,steady_light
220300,2203,1,0,0,steady_light
220400,2204,1,0,0,steady_light
220500,2205,1,0,0,steady_light
220600,2206,1,0,0,steady_light
220700,2207,1,0,0,steady_light
220800,2208,1,0,0,steady_light
220900,2209,1,0,0,steady_light
221000,2210,1,0,0,steady_light
221100,2211,1,0,0,steady_light
221200,2212,1,0,0,steady_light
221300,2213,1,0,0,steady_light
221400,2214,1,0,0,steady_light
221500,2215,1,0,0,steady_light
221600,2216,1,0,0,steady_light
221700,2217,1,0,0,steady_light
221800,2218,1,0,0,steady_light
221900,2219,1,0,0,steady_light
222000,2220,1,0,0,steady_light
222100,2221,1,0,0,steady_light
222200,2222,1,0,0,steady_light
222300,2223,1,0,0,steady_light
222400,2224,1,0,0,steady_light
222500,2225,1,0,0,steady_light
222600,2226,1,0,0,steady_light
222700,2227,1,0,0,steady_light
222800,2228,1,0,0,steady_light
222900,2229,1,0,0,steady_light
223000,2230,1,0,0,steady_light
223100,2231,1,0,0,steady_light
223200,2232,1,0,0,steady_light
223300,2233,1,0,0,steady_light
223400,2234,1,0,0,steady_light
223500,2235,1,0,0,steady_light
223600,2236,1,0,0,steady_light
223700,2237,1,0,0,steady_light
223800,2238,1,0,0,steady_light
223900,2239,1,0,0,steady_light
224000,2240,1,0,0,steady_light
224100,2241,0,1,1,transition_light_to_dark
224200,2242,0,1,1,steady_dark
224300,2243,0,1,1,steady_dark
224400,2244,0,1,1,steady_dark
224500,2245,0,1,1,steady_dark
224600,2246,0,1,1,steady_dark
224700,2247,0,1,1,steady_dark
224800,2248,0,1,1,steady_dark
224900,2249,0,1,1,steady_dark
225000,2250,0,1,1,steady_dark
225100,2251,0,0,1,steady_dark
225200,2252,0,0,1,steady_dark
225300,2253,0,0,1,steady_dark
225400,2254,0,0,1,steady_dark
225500,2255,0,0,1,steady_dark
225600,2256,0,0,1,steady_dark
225700,2257,0,0,1,steady_dark
225800,2258,0,0,1,steady_dark
225900,2259,0,0,1,steady_dark
226000,2260,0,0,1,steady_dark
226100,2261,0,0,1,steady_dark
226200,2262,0,0,1,steady_dark
226300,2263,0,0,1,steady_dark
226400,2264,0,0,1,steady_dark
226500,2265,0,0,1,steady_dark
226600,2266,0,0,1,steady_dark
226700,2267,0,0,1,steady_dark
226800,2268,0,0,1,steady_dark
226900,2269,0,0,1,steady_dark
227000,2270,0,0,1,steady_dark
227100,2271,0,0,1,steady_dark
227200,2272,0,0,1,steady_dark
227300,2273,0,0,1,steady_dark
227400,2274,0,0,1,steady_dark
227500,2275,0,0,1,steady_dark
227600,2276,0,0,1,steady_dark
227700,2277,0,0,1,steady_dark
227800,2278,0,0,1,steady_dark
227900,2279,0,0,1,steady_dark
228000,2280,0,0,1,steady_dark
228100,2281,0,0,1,steady_dark
228200,2282,0,0,1,steady_dark
228300,2283,0,0,1,steady_dark
228400,2284,0,0,1,steady_dark
228500,2285,0,0,1,steady_dark
228600,2286,0,1,1,steady_dark
228700,2287,0,1,1,steady_dark
228800,2288,0,1,1,steady_dark
228900,2289,0,1,1,steady_dark
229000,2290,0,1,1,steady_dark
229100,2291,0,1,1,steady_dark
229200,2292,0,1,1,steady_dark
229300,2293,0,1,1,steady_dark
229400,2294,0,1,1,steady_dark
229500,2295,0,1,1,steady_dark
229600,2296,0,0,1,steady_dark
229700,2297,0,0,1,steady_dark
229800,2298,0,0,1,steady_dark
229900,2299,0,0,1,steady_dark
230000,2300,1,0,1,transition_dark_to_light
230100,2301,1,0,1,steady_light
230200,2302,1,0,1,steady_light
230300,2303,1,0,1,steady_light
230400,2304,1,0,1,steady_light
230500,2305,1,0,1,steady_light
230600,2306,1,0,1,steady_light
230700,2307,1,0,1,steady_light
230800,2308,1,0,1,steady_light
230900,2309,1,0,1,steady_light
231000,2310,1,0,1,steady_light
231100,2311,1,0,1,steady_light
231200,2312,1,0,1,steady_light
231300,2313,1,0,1,steady_light
231400,2314,1,0,1,steady_light
231500,2315,1,0,1,steady_light
231600,2316,1,0,1,steady_light
231700,2317,1,0,1,steady_light
231800,2318,1,0,1,steady_light
231900,2319,1,0,1,steady_light
232000,2320,1,0,1,steady_light
232100,2321,1,0,1,steady_light
232200,2322,1,0,1,steady_light
232300,2323,1,0,0,steady_light
232400,2324,1,0,0,steady_light
232500,2325,1,0,0,steady_light
232600,2326,1,0,0,steady_light
232700,2327,1,0,0,steady_light
232800,2328,1,0,0,steady_light
232900,2329,1,0,0,steady_light
233000,2330,1,0,0,steady_light
233100,2331,1,0,0,steady_light
233200,2332,1,0,0,steady_light
233300,2333,1,0,0,steady_light
233400,2334,1,0,0,steady_light
233500,2335,1,0,0,steady_light
233600,2336,1,0,0,steady_light
233700,2337,1,0,0,steady_light
233800,2338,1,0,0,steady_light
233900,2339,1,0,0,steady_light
234000,2340,1,0,0,steady_light
234100,2341,1,0,0,steady_light
234200,2342,1,0,0,steady_light
234300,2343,1,0,0,steady_light
234400,2344,1,0,0,steady_light
234500,2345,1,0,0,steady_light
234600,2346,1,0,0,steady_light
234700,2347,1,0,0,steady_light
234800,2348,1,0,0,steady_light
234900,2349,1,0,0,steady_light
235000,2350,1,0,0,steady_light
235100,2351,1,0,0,steady_light
235200,2352,1,0,0,steady_light
235300,2353,1,0,0,steady_light
235400,2354,1,0,0,steady_light
235500,2355,1,0,0,steady_light
235600,2356,1,0,0,steady_light
235700,2357,1,0,0,steady_light
235800,2358,1,0,0,steady_light
235900,2359,1,0,0,steady_light
236000,2360,1,0,0,steady_light
236100,2361,1,0,0,steady_light
236200,2362,1,0,0,steady_light
236300,2363,1,0,0,steady_light
236400,2364,1,0,0,steady_light
236500,2365,1,0,0,steady_light
236600,2366,1,0,0,steady_light
236700,2367,1,0,0,steady_light
236800,2368,1,0,0,steady_light
236900,2369,1,0,0,steady_light
237000,2370,1,0,0,steady_light
237100,2371,1,0,0,steady_light
237200,2372,1,0,0,steady_light
237300,2373,1,0,0,steady_light
237400,2374,1,0,0,steady_light
237500,2375,1,0,0,steady_light
237600,2376,1,0,0,steady_light
237700,2377,1,0,0,steady_light
237800,2378,1,0,0,steady_light
237900,2379,1,0,0,steady_light
238000,2380,1,0,0,steady_light
238100,2381,1,0,0,steady_light
238200,2382,1,0,0,steady_light
238300,2383,1,0,0,steady_light
238400,2384,1,0,0,steady_light
238500,2385,1,0,0,steady_light
238600,2386,1,0,0,steady_light
238700,2387,1,0,0,steady_light
238800,2388,1,0,0,steady_light
238900,2389,1,0,0,steady_light
239000,2390,1,0,0,steady_light
239100,2391,1,0,0,steady_light
239200,2392,1,0,0,steady_light
239300,2393,1,0,0,steady_light
239400,2394,1,0,0,steady_light
239500,2395,1,0,0,steady_light
239600,2396,1,0,0,steady_light
239700,2397,1,0,0,steady_light
239800,2398,1,0,0,steady_light
239900,2399,1,0,0,steady_light
240000,2400,1,0,0,steady_light
240100,2401,1,0,0,steady_light
240200,2402,1,0,0,steady_light
240300,2403,1,0,0,steady_light
240400,2404,1,0,0,steady_light
240500,2405,1,0,0,steady_light
240600,2406,1,0,0,steady_light
240700,2407,1,0,0,steady_light
240800,2408,1,0,0,steady_light
240900,2409,1,0,0,steady_light
241000,2410,1,0,0,steady_light
241100,2411,1,0,0,steady_light
241200,2412,1,0,0,steady_light
241300,2413,1,0,0,steady_light
241400,2414,1,0,0,steady_light
241500,2415,1,0,0,steady_light
241600,2416,1,0,0,steady_light
241700,2417,1,0,0,steady_light
241800,2418,1,0,0,steady_light
241900,2419,1,0,0,steady_light
242000,2420,1,0,0,steady_light
242100,2421,1,0,0,steady_light
242200,2422,1,0,0,steady_light
242300,2423,1,0,0,steady_light
242400,2424,1,0,0,steady_light
242500,2425,1,0,0,steady_light
242600,2426,1,0,0,steady_light
242700,2427,1,0,0,steady_light
242800,2428,1,0,0,steady_light
242900,2429,1,0,0,steady_light
243000,2430,1,0,0,steady_light
243100,2431,1,0,0,steady_light
243200,2432,1,0,0,steady_light
243300,2433,1,0,0,steady_light
243400,2434,1,0,0,steady_light
243500,2435,1,0,0,steady_light
243600,2436,1,0,0,steady_light
243700,2437,1,0,0,steady_light
243800,2438,1,0,0,steady_light
243900,2439,1,0,0,steady_light
244000,2440,1,0,0,steady_light
244100,2441,1,0,0,steady_light
244200,2442,1,0,0,steady_light
244300,2443,1,0,0,steady_light
244400,2444,1,0,0,steady_light
244500,2445,1,0,0,steady_light
244600,2446,1,0,0,steady_light
244700,2447,1,0,0,steady_light
244800,2448,1,0,0,steady_light
244900,2449,1,0,0,steady_light
245000,2450,1,0,0,steady_light
245100,2451,1,0,0,steady_light
245200,2452,1,0,0,steady_light
245300,2453,1,0,0,steady_light
245400,2454,1,0,0,steady_light
245500,2455,1,0,0,steady_light
245600,2456,1,0,0,steady_light
245700,2457,1,0,0,steady_light
245800,2458,1,0,0,steady_light
245900,2459,1,0,0,steady_light
246000,2460,1,0,0,steady_light
246100,2461,1,0,0,steady_light
246200,2462,1,0,0,steady_light
246300,2463,1,0,0,steady_light
246400,2464,1,0,0,steady_light
246500,2465,1,0,0,steady_light
246600,2466,1,0,0,steady_light
246700,2467,1,0,0,steady_light
246800,2468,1,0,0,steady_light
246900,2469,1,0,0,steady_light
247000,2470,1,0,0,steady_light
247100,2471,1,0,0,steady_light
247200,2472,1,0,0,steady_light
247300,2473,1,0,0,steady_light
247400,2474,1,0,0,steady_light
247500,2475,1,0,0,steady_light
247600,2476,1,0,0,steady_light
247700,2477,1,0,0,steady_light
247800,2478,1,0,0,steady_light
247900,2479,1,0,0,steady_light
248000,2480,1,0,0,steady_light
248100,2481,1,0,0,steady_light
248200,2482,1,0,0,steady_light
248300,2483,1,0,0,steady_light
248400,2484,1,0,0,steady_light
248500,2485,1,0,0,steady_light
248600,2486,1,0,0,steady_light
248700,2487,1,0,0,steady_light
248800,2488,1,0,0,steady_light
248900,2489,1,0,0,steady_light
249000,2490,1,0,0,steady_light
249100,2491,1,0,0,steady_light
249200,2492,1,0,0,steady_light
249300,2493,1,0,0,steady_light
249400,2494,1,0,0,steady_light
249500,2495,1,0,0,steady_light
249600,2496,1,0,0,steady_light
249700,2497,1,0,0,steady_light
249800,2498,1,0,0,steady_light
249900,2499,1,0,0,steady_light
250000,2500,1,0,0,steady_light
250100,2501,1,0,0,steady_light
250200,2502,1,0,0,steady_light
250300,2503,1,0,0,steady_light
250400,2504,1,0,0,steady_light
250500,2505,1,0,0,steady_light
250600,2506,1,0,0,steady_light
250700,2507,1,0,0,steady_light
250800,2508,1,0,0,steady_light
250900,2509,1,0,0,steady_light
251000,2510,1,0,0,steady_light
251100,2511,1,0,0,steady_light
251200,2512,1,0,0,steady_light
251300,2513,1,0,0,steady_light
251400,2514,1,0,0,steady_light
251500,2515,1,0,0,steady_light
251600,2516,1,0,0,steady_light
251700,2517,1,0,0,steady_light
251800,2518,1,0,0,steady_light
251900,2519,1,0,0,steady_light
252000,2520,1,0,0,steady_light
252100,2521,1,0,0,steady_light
252200,2522,1,0,0,steady_light
252300,2523,1,0,0,steady_light
252400,2524,1,0,0,steady_light
252500,2525,1,0,0,steady_light
252600,2526,1,0,0,steady_light
252700,2527,1,0,0,steady_light
252800,2528,1,0,0,steady_light
252900,2529,1,0,0,steady_light
253000,2530,1,0,0,steady_light
253100,2531,1,0,0,steady_light
253200,2532,1,0,0,steady_light
253300,2533,1,0,0,steady_light
253400,2534,1,0,0,steady_light
253500,2535,1,0,0,steady_light
253600,2536,1,0,0,steady_light
253700,2537,1,0,0,steady_light
253800,2538,1,0,0,steady_light
253900,2539,1,0,0,steady_light
254000,2540,1,0,0,steady_light
254100,2541,1,0,0,steady_light
254200,2542,1,0,0,steady_light
254300,2543,1,0,0,steady_light
254400,2544,1,0,0,steady_light
254500,2545,1,0,0,steady_light
254600,2546,1,0,0,steady_light
254700,2547,1,0,0,steady_light
254800,2548,1,0,0,steady_light
254900,2549,1,0,0,steady_light
255000,2550,1,0,0,steady_light
255100,2551,1,0,0,steady_light
255200,2552,1,0,0,steady_light
255300,2553,1,0,0,steady_light
255400,2554,1,0,0,steady_light
255500,2555,1,0,0,steady_light
255600,2556,1,0,0,steady_light
255700,2557,1,0,0,steady_light
255800,2558,1,0,0,steady_light
255900,2559,1,0,0,steady_light
256000,2560,1,0,0,steady_light
256100,2561,1,0,0,steady_light
256200,2562,1,0,0,steady_light
256300,2563,1,0,0,steady_light
256400,2564,1,0,0,steady_light
256500,2565,1,0,0,steady_light
256600,2566,1,0,0,steady_light
256700,2567,1,0,0,steady_light
256800,2568,1,0,0,steady_light
256900,2569,1,0,0,steady_light
257000,2570,1,0,0,steady_light
257100,2571,1,0,0,steady_light
257200,2572,1,0,0,steady_light
257300,2573,1,0,0,steady_light
257400,2574,1,0,0,steady_light
257500,2575,1,0,0,steady_light
257600,2576,1,0,0,steady_light
257700,2577,1,0,0,steady_light
257800,2578,1,0,0,steady_light
257900,2579,1,0,0,steady_light
258000,2580,1,0,0,steady_light
258100,2581,1,0,0,steady_light
258200,2582,1,0,0,steady_light
258300,2583,1,0,0,steady_light
258400,2584,1,0,0,steady_light
258500,2585,1,0,0,steady_light
258600,2586,1,0,0,steady_light
258700,2587,1,0,0,steady_light
258800,2588,1,0,0,steady_light
258900,2589,1,0,0,steady_light
259000,2590,1,0,0,steady_light
259100,2591,1,0,0,steady_light
259200,2592,1,0,0,steady_light
259300,2593,1,0,0,steady_light
259400,2594,1,0,0,steady_light
259500,2595,1,0,0,steady_light
259600,2596,1,0,0,steady_light
259700,2597,1,0,0,steady_light
259800,2598,1,0,0,steady_light
259900,2599,1,0,0,steady_light
260000,2600,1,0,0,steady_light
260100,2601,1,0,0,steady_light
260200,2602,1,0,0,steady_light
260300,2603,1,0,0,steady_light
260400,2604,1,0,0,steady_light
260500,2605,1,0,0,steady_light
260600,2606,1,0,0,steady_light
260700,2607,1,0,0,steady_light
260800,2608,1,0,0,steady_light
260900,2609,1,0,0,steady_light
261000,2610,1,0,0,steady_light
261100,2611,1,0,0,steady_light
261200,2612,1,0,0,steady_light
261300,2613,1,0,0,steady_light
261400,2614,1,0,0,steady_light
261500,2615,1,0,0,steady_light
261600,2616,1,0,0,steady_light
261700,2617,1,0,0,steady_light
261800,2618,1,0,0,steady_light
261900,2619,1,0,0,steady_light
262000,2620,1,0,0,steady_light
262100,2621,1,0,0,steady_light
262200,2622,1,0,0,steady_light
262300,2623,1,0,0,steady_light
262400,2624,1,0,0,steady_light
262500,2625,1,0,0,steady_light
262600,2626,1,0,0,steady_light
262700,2627,1,0,0,steady_light
262800,2628,1,0,0,steady_light
262900,2629,1,0,0,steady_light
263000,2630,1,0,0,steady_light
263100,2631,1,0,0,steady_light
263200,2632,1,0,0,steady_light
263300,2633,1,0,0,steady_light
263400,2634,1,0,0,steady_light
263500,2635,1,0,0,steady_light
263600,2636,1,0,0,steady_light
263700,2637,1,0,0,steady_light
263800,2638,1,0,0,steady_light
263900,2639,1,0,0,steady_light
264000,2640,1,0,0,steady_light
264100,2641,1,0,0,steady_light
264200,2642,1,0,0,steady_light
264300,2643,1,0,0,steady_light
264400,2644,1,0,0,steady_light
264500,2645,1,0,0,steady_light
264600,2646,1,0,0,steady_light
264700,2647,1,0,0,steady_light
264800,2648,1,0,0,steady_light
264900,2649,1,0,0,steady_light
265000,2650,1,0,0,steady_light
265100,2651,1,0,0,steady_light
265200,2652,1,0,0,steady_light
265300,2653,1,0,0,steady_light
265400,2654,1,0,0,steady_light
265500,2655,1,0,0,steady_light
265600,2656,1,0,0,steady_light
265700,2657,1,0,0,steady_light
265800,2658,1,0,0,steady_light
265900,2659,1,0,0,steady_light
266000,2660,1,0,0,steady_light
266100,2661,1,0,0,steady_light
266200,2662,1,0,0,steady_light
266300,2663,1,0,0,steady_light
266400,2664,1,0,0,steady_light
266500,2665,1,0,0,steady_light
266600,2666,1,0,0,steady_light
266700,2667,1,0,0,steady_light
266800,2668,1,0,0,steady_light
266900,2669,1,0,0,steady_light
267000,2670,1,0,0,steady_light
267100,2671,1,0,0,steady_light
267200,2672,1,0,0,steady_light
267300,2673,1,0,0,steady_light
267400,2674,1,0,0,steady_light
267500,2675,1,0,0,steady_light
267600,2676,1,0,0,steady_light
267700,2677,1,0,0,steady_light
267800,2678,1,0,0,steady_light
267900,2679,1,0,0,steady_light
268000,2680,1,0,0,steady_light
268100,2681,1,0,0,steady_light
268200,2682,1,0,0,steady_light
268300,2683,1,0,0,steady_light
268400,2684,1,0,0,steady_light
268500,2685,1,0,0,steady_light
268600,2686,1,0,0,steady_light
268700,2687,1,0,0,steady_light
268800,2688,1,0,0,steady_light
268900,2689,1,0,0,steady_light
269000,2690,1,0,0,steady_light
269100,2691,1,0,0,steady_light
269200,2692,1,0,0,steady_light
269300,2693,1,0,0,steady_light
269400,2694,1,0,0,steady_light
269500,2695,1,0,0,steady_light
269600,2696,1,0,0,steady_light
269700,2697,1,0,0,steady_light
269800,2698,1,0,0,steady_light
269900,2699,1,0,0,steady_light
270000,2700,1,0,0,steady_light
270100,2701,1,0,0,steady_light
270200,2702,1,0,0,steady_light
270300,2703,1,0,0,steady_light
270400,2704,1,0,0,steady_light
270500,2705,1,0,0,steady_light
270600,2706,1,0,0,steady_light
270700,2707,1,0,0,steady_light
270800,2708,1,0,0,steady_light
270900,2709,1,0,0,steady_light
271000,2710,1,0,0,steady_light
271100,2711,1,0,0,steady_light
271200,2712,1,0,0,steady_light
271300,2713,1,0,0,steady_light
271400,2714,1,0,0,steady_light
271500,2715,1,0,0,steady_light
271600,2716,1,0,0,steady_light
271700,2717,1,0,0,steady_light
271800,2718,1,0,0,steady_light
271900,2719,1,0,0,steady_light
272000,2720,1,0,0,steady_light
272100,2721,1,0,0,steady_light
272200,2722,1,0,0,steady_light
272300,2723,1,0,0,steady_light
272400,2724,1,0,0,steady_light
272500,2725,1,0,0,steady_light
272600,2726,1,0,0,steady_light
272700,2727,1,0,0,steady_light
272800,2728,1,0,0,steady_light
272900,2729,1,0,0,steady_light
273000,2730,1,0,0,steady_light
273100,2731,1,0,0,steady_light
273200,2732,1,0,0,steady_light
273300,2733,1,0,0,steady_light
273400,2734,1,0,0,steady_light
273500,2735,1,0,0,steady_light
273600,2736,1,0,0,steady_light
273700,2737,1,0,0,steady_light
273800,2738,1,0,0,steady_light
273900,2739,1,0,0,steady_light
274000,2740,1,0,0,steady_light
274100,2741,1,0,0,steady_light
274200,2742,1,0,0,steady_light
274300,2743,1,0,0,steady_light
274400,2744,1,0,0,steady_light
274500,2745,1,0,0,steady_light
274600,2746,1,0,0,steady_light
274700,2747,1,0,0,steady_light
274800,2748,1,0,0,steady_light
274900,2749,1,0,0,steady_light
275000,2750,1,0,0,steady_light
275100,2751,1,0,0,steady_light
275200,2752,1,0,0,steady_light
275300,2753,1,0,0,steady_light
275400,2754,1,0,0,steady_light
275500,2755,1,0,0,steady_light
275600,2756,1,0,0,steady_light
275700,2757,1,0,0,steady_light
275800,2758,1,0,0,steady_light
275900,2759,1,0,0,steady_light
276000,2760,1,0,0,steady_light
276100,2761,1,0,0,steady_light
276200,2762,1,0,0,steady_light
276300,2763,1,0,0,steady_light
276400,2764,1,0,0,steady_light
276500,2765,1,0,0,steady_light
276600,2766,1,0,0,steady_light
276700,2767,1,0,0,steady_light
276800,2768,1,0,0,steady_light
276900,2769,1,0,0,steady_light
277000,2770,1,0,0,steady_light
277100,2771,1,0,0,steady_light
277200,2772,1,0,0,steady_light
277300,2773,1,0,0,steady_light
277400,2774,1,0,0,steady_light
277500,2775,1,0,0,steady_light
277600,2776,1,0,0,steady_light
277700,2777,1,0,0,steady_light
277800,2778,1,0,0,steady_light
277900,2779,1,0,0,steady_light
278000,2780,1,0,0,steady_light
278100,2781,1,0,0,steady_light
278200,2782,1,0,0,steady_light
278300,2783,1,0,0,steady_light
278400,2784,1,0,0,steady_light
278500,2785,1,0,0,steady_light
278600,2786,1,0,0,steady_light
278700,2787,1,0,0,steady_light
278800,2788,1,0,0,steady_light
278900,2789,1,0,0,steady_light
279000,2790,1,0,0,steady_light
279100,2791,1,0,0,steady_light
279200,2792,1,0,0,steady_light
279300,2793,1,0,0,steady_light
279400,2794,1,0,0,steady_light
279500,2795,1,0,0,steady_light
279600,2796,1,0,0,steady_light
279700,2797,1,0,0,steady_light
279800,2798,1,0,0,steady_light
279900,2799,1,0,0,steady_light
280000,2800,1,0,0,steady_light
280100,2801,1,0,0,steady_light
280200,2802,1,0,0,steady_light
280300,2803,1,0,0,steady_light
280400,2804,1,0,0,steady_light
280500,2805,1,0,0,steady_light
280600,2806,1,0,0,steady_light
280700,2807,1,0,0,steady_light
280800,2808,1,0,0,steady_light
280900,2809,1,0,0,steady_light
281000,2810,1,0,0,steady_light
281100,2811,1,0,0,steady_light
281200,2812,1,0,0,steady_light
281300,2813,1,0,0,steady_light
281400,2814,1,0,0,steady_light
281500,2815,1,0,0,steady_light
281600,2816,1,0,0,steady_light
281700,2817,1,0,0,steady_light
281800,2818,1,0,0,steady_light
281900,2819,1,0,0,steady_light
282000,2820,1,0,0,steady_light
282100,2821,1,0,0,steady_light
282200,2822,1,0,0,steady_light
282300,2823,1,0,0,steady_light
282400,2824,1,0,0,steady_light
282500,2825,1,0,0,steady_light
282600,2826,1,0,0,steady_light
282700,2827,1,0,0,steady_light
282800,2828,1,0,0,steady_light
282900,2829,1,0,0,steady_light
283000,2830,1,0,0,steady_light
283100,2831,1,0,0,steady_light
283200,2832,1,0,0,steady_light
283300,2833,1,0,0,steady_light
283400,2834,1,0,0,steady_light
283500,2835,1,0,0,steady_light
283600,2836,1,0,0,steady_light
283700,2837,1,0,0,steady_light
283800,2838,1,0,0,steady_light
283900,2839,1,0,0,steady_light
284000,2840,1,0,0,steady_light
284100,2841,1,0,0,steady_light
284200,2842,1,0,0,steady_light
284300,2843,1,0,0,steady_light
284400,2844,1,0,0,steady_light
284500,2845,1,0,0,steady_light
284600,2846,1,0,0,steady_light
284700,2847,1,0,0,steady_light
284800,2848,1,0,0,steady_light
284900,2849,1,0,0,steady_light
285000,2850,1,0,0,steady_light
285100,2851,1,0,0,steady_light
285200,2852,1,0,0,steady_light
285300,2853,1,0,0,steady_light
285400,2854,1,0,0,steady_light
285500,2855,1,0,0,steady_light
285600,2856,1,0,0,steady_light
285700,2857,1,0,0,steady_light
285800,2858,1,0,0,steady_light
285900,2859,1,0,0,steady_light
286000,2860,1,0,0,steady_light
286100,2861,1,0,0,steady_light
286200,2862,1,0,0,steady_light
286300,2863,1,0,0,steady_light
286400,2864,1,0,0,steady_light
286500,2865,1,0,0,steady_light
286600,2866,1,0,0,steady_light
286700,2867,1,0,0,steady_light
286800,2868,1,0,0,steady_light
286900,2869,1,0,0,steady_light
287000,2870,1,0,0,steady_light
287100,2871,1,0,0,steady_light
287200,2872,1,0,0,steady_light
287300,2873,1,0,0,steady_light
287400,2874,1,0,0,steady_light
287500,2875,1,0,0,steady_light
287600,2876,1,0,0,steady_light
287700,2877,1,0,0,steady_light
287800,2878,1,0,0,steady_light
287900,2879,1,0,0,steady_light
288000,2880,1,0,0,steady_light
288100,2881,1,0,0,steady_light
288200,2882,1,0,0,steady_light
288300,2883,1,0,0,steady_light
288400,2884,1,0,0,steady_light
288500,2885,1,0,0,steady_light
288600,2886,1,0,0,steady_light
288700,2887,1,0,0,steady_light
288800,2888,1,0,0,steady_light
288900,2889,1,0,0,steady_light
289000,2890,1,0,0,steady_light
289100,2891,1,0,0,steady_light
289200,2892,1,0,0,steady_light
289300,2893,1,0,0,steady_light
289400,2894,1,0,0,steady_light
289500,2895,1,0,0,steady_light
289600,2896,1,0,0,steady_light
289700,2897,1,0,0,steady_light
289800,2898,1,0,0,steady_light
289900,2899,1,0,0,steady_light
290000,2900,1,0,0,steady_light
290100,2901,1,0,0,steady_light
290200,2902,1,0,0,steady_light
290300,2903,1,0,0,steady_light
290400,2904,1,0,0,steady_light
290500,2905,1,0,0,steady_light
290600,2906,1,0,0,steady_light
290700,2907,1,0,0,steady_light
290800,2908,1,0,0,steady_light
290900,2909,1,0,0,steady_light
291000,2910,1,0,0,steady_light
291100,2911,1,0,0,steady_light
291200,2912,1,0,0,steady_light
291300,2913,1,0,0,steady_light
291400,2914,1,0,0,steady_light
291500,2915,1,0,0,steady_light
291600,2916,1,0,0,steady_light
291700,2917,1,0,0,steady_light
291800,2918,1,0,0,steady_light
291900,2919,1,0,0,steady_light
292000,2920,1,0,0,steady_light
292100,2921,1,0,0,steady_light
292200,2922,1,0,0,steady_light
292300,2923,1,0,0,steady_light
292400,2924,1,0,0,steady_light
292500,2925,1,0,0,steady_light
292600,2926,1,0,0,steady_light
292700,2927,1,0,0,steady_light
292800,2928,1,0,0,steady_light
292900,2929,1,0,0,steady_light
293000,2930,1,0,0,steady_light
293100,2931,1,0,0,steady_light
293200,2932,1,0,0,steady_light
293300,2933,1,0,0,steady_light
293400,2934,1,0,0,steady_light
293500,2935,1,0,0,steady_light
293600,2936,1,0,0,steady_light
293700,2937,1,0,0,steady_light
293800,2938,1,0,0,steady_light
293900,2939,1,0,0,steady_light
294000,2940,1,0,0,steady_light
294100,2941,1,0,0,steady_light
294200,2942,1,0,0,steady_light
294300,2943,1,0,0,steady_light
294400,2944,1,0,0,steady_light
294500,2945,0,1,1,transition_light_to_dark
294600,2946,0,1,1,steady_dark
294700,2947,0,1,1,steady_dark
294800,2948,0,1,1,steady_dark
294900,2949,0,1,1,steady_dark
295000,2950,0,1,1,steady_dark
295100,2951,0,1,1,steady_dark
295200,2952,0,1,1,steady_dark
295300,2953,0,1,1,steady_dark
295400,2954,0,1,1,steady_dark
295500,2955,0,1,1,steady_dark
295600,2956,0,0,1,steady_dark
295700,2957,0,0,1,steady_dark
295800,2958,0,0,1,steady_dark
295900,2959,0,0,1,steady_dark
296000,2960,0,0,1,steady_dark
296100,2961,0,0,1,steady_dark
296200,2962,0,0,1,steady_dark
296300,2963,0,0,1,steady_dark
296400,2964,0,0,1,steady_dark
296500,2965,0,0,1,steady_dark
296600,2966,0,0,1,steady_dark
296700,2967,0,0,1,steady_dark
296800,2968,0,0,1,steady_dark
296900,2969,0,0,1,steady_dark
297000,2970,0,0,1,steady_dark
297100,2971,0,0,1,steady_dark
297200,2972,0,0,1,steady_dark
297300,2973,0,0,1,steady_dark
297400,2974,0,0,1,steady_dark
297500,2975,0,0,1,steady_dark
297600,2976,0,0,1,steady_dark
297700,2977,0,1,1,steady_dark
297800,2978,0,1,1,steady_dark
297900,2979,0,1,1,steady_dark
298000,2980,0,1,1,steady_dark
298100,2981,0,1,1,steady_dark
298200,2982,0,1,1,steady_dark
298300,2983,0,1,1,steady_dark
298400,2984,0,1,1,steady_dark
298500,2985,0,1,1,steady_dark
298600,2986,0,1,1,steady_dark
298700,2987,0,0,1,steady_dark
298800,2988,0,0,1,steady_dark
298900,2989,0,0,1,steady_dark
299000,2990,0,0,1,steady_dark
299100,2991,0,0,1,steady_dark
299200,2992,0,0,1,steady_dark
299300,2993,0,0,1,steady_dark
299400,2994,0,0,1,steady_dark
299500,2995,0,0,1,steady_dark
299600,2996,0,0,1,steady_dark
299700,2997,0,0,1,steady_dark
299800,2998,0,0,1,steady_dark
299900,2999,0,0,1,steady_dark
300000,3000,0,0,1,steady_dark
300100,3001,0,0,1,steady_dark
300200,3002,0,0,1,steady_dark
300300,3003,0,0,1,steady_dark
300400,3004,0,0,1,steady_dark
300500,3005,0,0,1,steady_dark
300600,3006,0,0,1,steady_dark
300700,3007,0,0,1,steady_dark
300800,3008,0,0,1,steady_dark
300900,3009,0,0,1,steady_dark
301000,3010,0,0,1,steady_dark
301100,3011,0,0,1,steady_dark
301200,3012,0,0,1,steady_dark
301300,3013,0,0,1,steady_dark
301400,3014,0,0,1,steady_dark
301500,3015,0,0,1,steady_dark
301600,3016,0,0,1,steady_dark
301700,3017,0,0,1,steady_dark
301800,3018,0,0,1,steady_dark
301900,3019,0,0,1,steady_dark
302000,3020,0,0,1,steady_dark
302100,3021,0,0,1,steady_dark
302200,3022,0,0,1,steady_dark
302300,3023,0,0,1,steady_dark
302400,3024,0,0,1,steady_dark
302500,3025,0,0,1,steady_dark
302600,3026,0,0,1,steady_dark
302700,3027,0,1,1,steady_dark
302800,3028,0,1,1,steady_dark
302900,3029,0,1,1,steady_dark
303000,3030,0,1,1,steady_dark
303100,3031,0,1,1,steady_dark
303200,3032,0,1,1,steady_dark
303300,3033,0,1,1,steady_dark
303400,3034,0,1,1,steady_dark
303500,3035,0,1,1,steady_dark
303600,3036,0,1,1,steady_dark
303700,3037,0,1,1,steady_dark
303800,3038,0,0,1,steady_dark
303900,3039,0,0,1,steady_dark
304000,3040,0,0,1,steady_dark
304100,3041,0,0,1,steady_dark
304200,3042,0,0,1,steady_dark
304300,3043,0,0,1,steady_dark
304400,3044,0,0,1,steady_dark
304500,3045,0,0,1,steady_dark
304600,3046,0,0,1,steady_dark
304700,3047,0,0,1,steady_dark
304800,3048,0,0,1,steady_dark
304900,3049,0,0,1,steady_dark
305000,3050,0,0,1,steady_dark
305100,3051,0,0,1,steady_dark
305200,3052,0,0,1,steady_dark
305300,3053,0,0,1,steady_dark
305400,3054,0,0,1,steady_dark
305500,3055,0,0,1,steady_dark
305600,3056,0,0,1,steady_dark
305700,3057,0,0,1,steady_dark
305800,3058,0,0,1,steady_dark
305900,3059,0,0,1,steady_dark
306000,3060,0,0,1,steady_dark
306100,3061,0,0,1,steady_dark
306200,3062,0,0,1,steady_dark
306300,3063,0,0,1,steady_dark
306400,3064,0,0,1,steady_dark
306500,3065,0,0,1,steady_dark
306600,3066,0,1,1,steady_dark
306700,3067,0,1,1,steady_dark
306800,3068,0,1,1,steady_dark
306900,3069,0,1,1,steady_dark
307000,3070,0,1,1,steady_dark
307100,3071,0,1,1,steady_dark
307200,3072,0,1,1,steady_dark
307300,3073,0,1,1,steady_dark
307400,3074,0,1,1,steady_dark
307500,3075,0,1,1,steady_dark
307600,3076,0,0,1,steady_dark
307700,3077,0,0,1,steady_dark
307800,3078,0,0,1,steady_dark
307900,3079,0,0,1,steady_dark
308000,3080,0,0,1,steady_dark
308100,3081,0,0,1,steady_dark
308200,3082,0,0,1,steady_dark
308300,3083,0,0,1,steady_dark
308400,3084,0,0,1,steady_dark
308500,3085,0,0,1,steady_dark
308600,3086,0,0,1,steady_dark
308700,3087,0,0,1,steady_dark
308800,3088,0,0,1,steady_dark
308900,3089,0,0,1,steady_dark
309000,3090,0,0,1,steady_dark
309100,3091,0,0,1,steady_dark
309200,3092,0,0,1,steady_dark
309300,3093,0,0,1,steady_dark
309400,3094,0,0,1,steady_dark
309500,3095,0,0,1,steady_dark
309600,3096,0,0,1,steady_dark
309700,3097,0,0,1,steady_dark
309800,3098,0,0,1,steady_dark
309900,3099,0,0,1,steady_dark
310000,3100,0,0,1,steady_dark
310100,3101,0,0,1,steady_dark
310200,3102,0,0,1,steady_dark
310300,3103,0,0,1,steady_dark
310400,3104,0,0,1,steady_dark
310500,3105,0,0,1,steady_dark
310600,3106,0,0,1,steady_dark
310700,3107,0,0,1,steady_dark
310800,3108,0,0,1,steady_dark
310900,3109,0,0,1,steady_dark
311000,3110,0,0,1,steady_dark
311100,3111,0,0,1,steady_dark
311200,3112,0,0,1,steady_dark
311300,3113,0,1,1,steady_dark
311400,3114,0,1,1,steady_dark
311500,3115,0,1,1,steady_dark
311600,3116,0,1,1,steady_dark
311700,3117,0,1,1,steady_dark
311800,3118,0,1,1,steady_dark
311900,3119,0,1,1,steady_dark
312000,3120,0,1,1,steady_dark
312100,3121,0,1,1,steady_dark
312200,3122,0,1,1,steady_dark
312300,3123,0,0,1,steady_dark
312400,3124,0,0,1,steady_dark
312500,3125,0,0,1,steady_dark
312600,3126,0,0,1,steady_dark
312700,3127,0,0,1,steady_dark
312800,3128,0,0,1,steady_dark
312900,3129,0,0,1,steady_dark
313000,3130,0,0,1,steady_dark
313100,3131,0,0,1,steady_dark
313200,3132,0,0,1,steady_dark
313300,3133,0,0,1,steady_dark
313400,3134,0,0,1,steady_dark
313500,3135,0,0,1,steady_dark
313600,3136,0,0,1,steady_dark
313700,3137,0,0,1,steady_dark
313800,3138,0,0,1,steady_dark
313900,3139,0,0,1,steady_dark
314000,3140,0,0,1,steady_dark
314100,3141,0,0,1,steady_dark
314200,3142,0,0,1,steady_dark
314300,3143,0,0,1,steady_dark
314400,3144,0,0,1,steady_dark
314500,3145,0,0,1,steady_dark
314600,3146,0,0,1,steady_dark
314700,3147,0,0,1,steady_dark
314800,3148,0,0,1,steady_dark
314900,3149,0,0,1,steady_dark
315000,3150,0,0,1,steady_dark
315100,3151,0,0,1,steady_dark
315200,3152,0,0,1,steady_dark
315300,3153,0,0,1,steady_dark
315400,3154,0,0,1,steady_dark
315500,3155,0,0,1,steady_dark
315600,3156,0,0,1,steady_dark
315700,3157,0,0,1,steady_dark
315800,3158,0,0,1,steady_dark
315900,3159,0,1,1,steady_dark
316000,3160,0,1,1,steady_dark
316100,3161,0,1,1,steady_dark
316200,3162,0,1,1,steady_dark
316300,3163,0,1,1,steady_dark
316400,3164,0,1,1,steady_dark
316500,3165,0,1,1,steady_dark
316600,3166,0,1,1,steady_dark
316700,3167,0,1,1,steady_dark
316800,3168,0,1,1,steady_dark
316900,3169,0,0,1,steady_dark
317000,3170,0,0,1,steady_dark
317100,3171,0,0,1,steady_dark
317200,3172,0,0,1,steady_dark
317300,3173,0,0,1,steady_dark
317400,3174,0,0,1,steady_dark
317500,3175,0,0,1,steady_dark
317600,3176,0,0,1,steady_dark
317700,3177,0,0,1,steady_dark
317800,3178,0,0,1,steady_dark
317900,3179,0,0,1,steady_dark
318000,3180,0,0,1,steady_dark
318100,3181,0,0,1,steady_dark
318200,3182,0,0,1,steady_dark
318300,3183,0,0,1,steady_dark
318400,3184,0,0,1,steady_dark
318500,3185,0,0,1,steady_dark
318600,3186,0,0,1,steady_dark
318700,3187,0,0,1,steady_dark
318800,3188,0,0,1,steady_dark
318900,3189,0,0,1,steady_dark
319000,3190,0,0,1,steady_dark
319100,3191,0,0,1,steady_dark
319200,3192,0,0,1,steady_dark
319300,3193,0,0,1,steady_dark
319400,3194,0,0,1,steady_dark
319500,3195,0,1,1,steady_dark
319600,3196,0,1,1,steady_dark
319700,3197,0,1,1,steady_dark
319800,3198,0,1,1,steady_dark
319900,3199,0,1,1,steady_dark
320000,3200,0,1,1,steady_dark
320100,3201,0,1,1,steady_dark
320200,3202,0,1,1,steady_dark
320300,3203,0,1,1,steady_dark
320400,3204,0,1,1,steady_dark
320500,3205,0,1,1,steady_dark
320600,3206,0,0,1,steady_dark
320700,3207,0,0,1,steady_dark
320800,3208,0,0,1,steady_dark
320900,3209,0,0,1,steady_dark
321000,3210,0,0,1,steady_dark
321100,3211,0,0,1,steady_dark
321200,3212,0,0,1,steady_dark
321300,3213,0,0,1,steady_dark
321400,3214,0,0,1,steady_dark
321500,3215,0,0,1,steady_dark
321600,3216,0,0,1,steady_dark
321700,3217,0,0,1,steady_dark
321800,3218,0,0,1,steady_dark
321900,3219,0,0,1,steady_dark
322000,3220,0,0,1,steady_dark
322100,3221,0,0,1,steady_dark
322200,3222,0,0,1,steady_dark
322300,3223,0,0,1,steady_dark
322400,3224,0,0,1,steady_dark
322500,3225,0,0,1,steady_dark
322600,3226,0,0,1,steady_dark
322700,3227,0,0,1,steady_dark
322800,3228,0,0,1,steady_dark
322900,3229,0,0,1,steady_dark
323000,3230,0,0,1,steady_dark
323100,3231,0,0,1,steady_dark
323200,3232,0,0,1,steady_dark
323300,3233,0,0,1,steady_dark
323400,3234,0,0,1,steady_dark
323500,3235,0,0,1,steady_dark
323600,3236,0,0,1,steady_dark
323700,3237,0,0,1,steady_dark
323800,3238,0,0,1,steady_dark
323900,3239,0,0,1,steady_dark
324000,3240,0,1,1,steady_dark
324100,3241,0,1,1,steady_dark
324200,3242,0,1,1,steady_dark
324300,3243,0,1,1,steady_dark
324400,3244,0,1,1,steady_dark
324500,3245,0,1,1,steady_dark
324600,3246,0,1,1,steady_dark
324700,3247,0,1,1,steady_dark
324800,3248,0,1,1,steady_dark
324900,3249,0,1,1,steady_dark
325000,3250,0,0,1,steady_dark
325100,3251,0,0,1,steady_dark
325200,3252,0,0,1,steady_dark
325300,3253,0,0,1,steady_dark
325400,3254,0,0,1,steady_dark
325500,3255,0,0,1,steady_dark
325600,3256,0,0,1,steady_dark
325700,3257,0,0,1,steady_dark
325800,3258,0,0,1,steady_dark
325900,3259,0,0,1,steady_dark
326000,3260,0,0,1,steady_dark
326100,3261,0,0,1,steady_dark
326200,3262,0,0,1,steady_dark
326300,3263,0,0,1,steady_dark
326400,3264,0,0,1,steady_dark
326500,3265,0,0,1,steady_dark
326600,3266,0,0,1,steady_dark
326700,3267,0,0,1,steady_dark
326800,3268,0,0,1,steady_dark
326900,3269,0,0,1,steady_dark
327000,3270,0,0,1,steady_dark
327100,3271,0,0,1,steady_dark
327200,3272,0,0,1,steady_dark
327300,3273,0,0,1,steady_dark
327400,3274,0,0,1,steady_dark
327500,3275,0,0,1,steady_dark
327600,3276,0,0,1,steady_dark
327700,3277,0,0,1,steady_dark
327800,3278,0,0,1,steady_dark
327900,3279,0,0,1,steady_dark
328000,3280,0,0,1,steady_dark
328100,3281,0,0,1,steady_dark
328200,3282,0,0,1,steady_dark
328300,3283,0,0,1,steady_dark
328400,3284,0,0,1,steady_dark
328500,3285,0,0,1,steady_dark
328600,3286,0,0,1,steady_dark
328700,3287,0,0,1,steady_dark
328800,3288,0,0,1,steady_dark
328900,3289,0,0,1,steady_dark
329000,3290,0,0,1,steady_dark
329100,3291,0,0,1,steady_dark
329200,3292,0,0,1,steady_dark
329300,3293,0,1,1,steady_dark
329400,3294,0,1,1,steady_dark
329500,3295,0,1,1,steady_dark
329600,3296,0,1,1,steady_dark
329700,3297,0,1,1,steady_dark
329800,3298,0,1,1,steady_dark
329900,3299,0,1,1,steady_dark
330000,3300,0,1,1,steady_dark
330100,3301,0,1,1,steady_dark
330200,3302,0,1,1,steady_dark
330300,3303,0,0,1,steady_dark
330400,3304,0,0,1,steady_dark
330500,3305,0,0,1,steady_dark
330600,3306,0,0,1,steady_dark
330700,3307,0,0,1,steady_dark
330800,3308,0,0,1,steady_dark
330900,3309,0,0,1,steady_dark
331000,3310,0,0,1,steady_dark
331100,3311,0,0,1,steady_dark
331200,3312,0,0,1,steady_dark
331300,3313,0,0,1,steady_dark
331400,3314,0,0,1,steady_dark
331500,3315,0,0,1,steady_dark
331600,3316,0,0,1,steady_dark
331700,3317,0,0,1,steady_dark
331800,3318,0,0,1,steady_dark
331900,3319,0,0,1,steady_dark
332000,3320,0,0,1,steady_dark
332100,3321,0,0,1,steady_dark
332200,3322,0,0,1,steady_dark
332300,3323,0,0,1,steady_dark
332400,3324,0,1,1,steady_dark
332500,3325,0,1,1,steady_dark
332600,3326,0,1,1,steady_dark
332700,3327,0,1,1,steady_dark
332800,3328,0,1,1,steady_dark
332900,3329,0,1,1,steady_dark
333000,3330,0,1,1,steady_dark
333100,3331,0,1,1,steady_dark
333200,3332,0,1,1,steady_dark
333300,3333,0,1,1,steady_dark
333400,3334,0,0,1,steady_dark
333500,3335,0,0,1,steady_dark
333600,3336,0,0,1,steady_dark
333700,3337,0,0,1,steady_dark
333800,3338,0,0,1,steady_dark
333900,3339,0,0,1,steady_dark
334000,3340,0,0,1,steady_dark
334100,3341,0,0,1,steady_dark
334200,3342,0,0,1,steady_dark
334300,3343,0,0,1,steady_dark
334400,3344,0,0,1,steady_dark
334500,3345,0,0,1,steady_dark
334600,3346,0,0,1,steady_dark
334700,3347,0,0,1,steady_dark
334800,3348,0,0,1,steady_dark
334900,3349,0,0,1,steady_dark
335000,3350,0,0,1,steady_dark
335100,3351,0,0,1,steady_dark
335200,3352,0,0,1,steady_dark
335300,3353,0,0,1,steady_dark
335400,3354,0,0,1,steady_dark
335500,3355,0,0,1,steady_dark
335600,3356,0,0,1,steady_dark
335700,3357,0,0,1,steady_dark
335800,3358,0,0,1,steady_dark
335900,3359,0,0,1,steady_dark
336000,3360,0,0,1,steady_dark
336100,3361,0,0,1,steady_dark
336200,3362,0,0,1,steady_dark
336300,3363,0,0,1,steady_dark
336400,3364,0,0,1,steady_dark
336500,3365,0,0,1,steady_dark
336600,3366,0,0,1,steady_dark
336700,3367,0,0,1,steady_dark
336800,3368,0,0,1,steady_dark
336900,3369,0,0,1,steady_dark
337000,3370,0,0,1,steady_dark
337100,3371,0,0,1,steady_dark
337200,3372,0,0,1,steady_dark
337300,3373,0,0,1,steady_dark
337400,3374,0,0,1,steady_dark
337500,3375,0,0,1,steady_dark
337600,3376,0,0,1,steady_dark
337700,3377,0,0,1,steady_dark
337800,3378,0,0,1,steady_dark
337900,3379,0,0,1,steady_dark
338000,3380,0,0,1,steady_dark
338100,3381,0,0,1,steady_dark
338200,3382,0,1,1,steady_dark
338300,3383,0,1,1,steady_dark
338400,3384,0,1,1,steady_dark
338500,3385,0,1,1,steady_dark
338600,3386,0,1,1,steady_dark
338700,3387,0,1,1,steady_dark
338800,3388,0,1,1,steady_dark
338900,3389,0,1,1,steady_dark
339000,3390,0,1,1,steady_dark
339100,3391,0,1,1,steady_dark
339200,3392,0,0,1,steady_dark
339300,3393,0,0,1,steady_dark
339400,3394,0,0,1,steady_dark
339500,3395,0,0,1,steady_dark
339600,3396,0,0,1,steady_dark
339700,3397,0,0,1,steady_dark
339800,3398,0,0,1,steady_dark
339900,3399,0,0,1,steady_dark
340000,3400,0,0,1,steady_dark
340100,3401,0,0,1,steady_dark
340200,3402,0,0,1,steady_dark
340300,3403,0,0,1,steady_dark
340400,3404,0,0,1,steady_dark
340500,3405,0,0,1,steady_dark
340600,3406,0,0,1,steady_dark
340700,3407,0,0,1,steady_dark
340800,3408,0,0,1,steady_dark
340900,3409,0,0,1,steady_dark
341000,3410,0,0,1,steady_dark
341100,3411,0,0,1,steady_dark
341200,3412,0,0,1,steady_dark
341300,3413,0,0,1,steady_dark
341400,3414,0,0,1,steady_dark
341500,3415,0,0,1,steady_dark
341600,3416,0,0,1,steady_dark
341700,3417,0,1,1,steady_dark
341800,3418,0,1,1,steady_dark
341900,3419,0,1,1,steady_dark
342000,3420,0,1,1,steady_dark
342100,3421,0,1,1,steady_dark
342200,3422,0,1,1,steady_dark
342300,3423,0,1,1,steady_dark
342400,3424,0,1,1,steady_dark
342500,3425,0,1,1,steady_dark
342600,3426,0,1,1,steady_dark
342700,3427,0,1,1,steady_dark
342800,3428,0,0,1,steady_dark
342900,3429,0,0,1,steady_dark
343000,3430,0,0,1,steady_dark
343100,3431,0,0,1,steady_dark
343200,3432,0,0,1,steady_dark
343300,3433,1,0,1,transition_dark_to_light
343400,3434,1,0,1,steady_light
343500,3435,1,0,1,steady_light
343600,3436,1,0,1,steady_light
343700,3437,1,0,1,steady_light
343800,3438,1,0,1,steady_light
343900,3439,1,0,1,steady_light
344000,3440,1,0,1,steady_light
344100,3441,1,0,1,steady_light
344200,3442,1,0,1,steady_light
344300,3443,1,0,1,steady_light
344400,3444,1,0,1,steady_light
344500,3445,1,0,1,steady_light
344600,3446,1,0,1,steady_light
344700,3447,1,0,1,steady_light
344800,3448,1,0,1,steady_light
344900,3449,1,0,1,steady_light
345000,3450,1,0,1,steady_light
345100,3451,1,0,0,steady_light
345200,3452,1,0,0,steady_light
345300,3453,1,0,0,steady_light
345400,3454,1,0,0,steady_light
345500,3455,1,0,0,steady_light
345600,3456,1,0,0,steady_light
345700,3457,1,0,0,steady_light
345800,3458,1,0,0,steady_light
345900,3459,1,0,0,steady_light
346000,3460,1,0,0,steady_light
346100,3461,1,0,0,steady_light
346200,3462,1,0,0,steady_light
346300,3463,1,0,0,steady_light
346400,3464,1,0,0,steady_light
346500,3465,1,0,0,steady_light
346600,3466,1,0,0,steady_light
346700,3467,1,0,0,steady_light
346800,3468,1,0,0,steady_light
346900,3469,1,0,0,steady_light
347000,3470,1,0,0,steady_light
347100,3471,1,0,0,steady_light
347200,3472,1,0,0,steady_light
347300,3473,1,0,0,steady_light
347400,3474,1,0,0,steady_light
347500,3475,1,0,0,steady_light
347600,3476,1,0,0,steady_light
347700,3477,1,0,0,steady_light
347800,3478,1,0,0,steady_light
347900,3479,1,0,0,steady_light
348000,3480,1,0,0,steady_light
348100,3481,1,0,0,steady_light
348200,3482,1,0,0,steady_light
348300,3483,1,0,0,steady_light
348400,3484,1,0,0,steady_light
348500,3485,1,0,0,steady_light
348600,3486,1,0,0,steady_light
348700,3487,1,0,0,steady_light
348800,3488,1,0,0,steady_light
348900,3489,1,0,0,steady_light
349000,3490,1,0,0,steady_light
349100,3491,1,0,0,steady_light
349200,3492,1,0,0,steady_light
349300,3493,1,0,0,steady_light
349400,3494,1,0,0,steady_light
349500,3495,1,0,0,steady_light
349600,3496,1,0,0,steady_light
349700,3497,1,0,0,steady_light
349800,3498,1,0,0,steady_light
349900,3499,1,0,0,steady_light
350000,3500,1,0,0,steady_light
350100,3501,1,0,0,steady_light
350200,3502,1,0,0,steady_light
350300,3503,1,0,0,steady_light
350400,3504,0,1,1,transition_light_to_dark
350500,3505,0,1,1,steady_dark
350600,3506,0,1,1,steady_dark
350700,3507,0,1,1,steady_dark
350800,3508,0,1,1,steady_dark
350900,3509,0,1,1,steady_dark
351000,3510,0,1,1,steady_dark
351100,3511,0,1,1,steady_dark
351200,3512,0,1,1,steady_dark
351300,3513,0,1,1,steady_dark
351400,3514,0,1,1,steady_dark
351500,3515,0,0,1,steady_dark
351600,3516,0,0,1,steady_dark
351700,3517,0,0,1,steady_dark
351800,3518,0,0,1,steady_dark
351900,3519,0,0,1,steady_dark
352000,3520,1,0,1,transition_dark_to_light
352100,3521,1,0,1,steady_light
352200,3522,1,0,1,steady_light
352300,3523,1,0,1,steady_light
352400,3524,1,0,1,steady_light
352500,3525,1,0,1,steady_light
352600,3526,1,0,1,steady_light
352700,3527,1,0,1,steady_light
352800,3528,1,0,1,steady_light
352900,3529,1,0,1,steady_light
353000,3530,1,0,1,steady_light
353100,3531,1,0,1,steady_light
353200,3532,1,0,1,steady_light
353300,3533,1,0,1,steady_light
353400,3534,1,0,1,steady_light
353500,3535,1,0,1,steady_light
353600,3536,1,0,1,steady_light
353700,3537,1,0,1,steady_light
353800,3538,1,0,1,steady_light
353900,3539,1,0,1,steady_light
354000,3540,1,0,1,steady_light
354100,3541,1,0,1,steady_light
354200,3542,1,0,1,steady_light
354300,3543,1,0,0,steady_light
354400,3544,1,0,0,steady_light
354500,3545,1,0,0,steady_light
354600,3546,1,0,0,steady_light
354700,3547,1,0,0,steady_light
354800,3548,1,0,0,steady_light
354900,3549,1,0,0,steady_light
355000,3550,1,0,0,steady_light
355100,3551,1,0,0,steady_light
355200,3552,1,0,0,steady_light
355300,3553,1,0,0,steady_light
355400,3554,1,0,0,steady_light
355500,3555,1,0,0,steady_light
355600,3556,1,0,0,steady_light
355700,3557,1,0,0,steady_light
355800,3558,1,0,0,steady_light
355900,3559,0,1,1,transition_light_to_dark
356000,3560,0,1,1,steady_dark
356100,3561,0,1,1,steady_dark
356200,3562,0,1,1,steady_dark
356300,3563,0,1,1,steady_dark
356400,3564,0,1,1,steady_dark
356500,3565,0,1,1,steady_dark
356600,3566,0,1,1,steady_dark
356700,3567,0,1,1,steady_dark
356800,3568,0,1,1,steady_dark
356900,3569,0,1,1,steady_dark
357000,3570,0,0,1,steady_dark
357100,3571,0,0,1,steady_dark
357200,3572,0,0,1,steady_dark
357300,3573,0,0,1,steady_dark
357400,3574,0,0,1,steady_dark
357500,3575,0,0,1,steady_dark
357600,3576,0,0,1,steady_dark
357700,3577,0,0,1,steady_dark
357800,3578,0,0,1,steady_dark
357900,3579,0,0,1,steady_dark
358000,3580,0,0,1,steady_dark
358100,3581,0,0,1,steady_dark
358200,3582,0,0,1,steady_dark
358300,3583,0,0,1,steady_dark
358400,3584,0,0,1,steady_dark
358500,3585,0,0,1,steady_dark
358600,3586,0,0,1,steady_dark
358700,3587,0,0,1,steady_dark
358800,3588,0,0,1,steady_dark
358900,3589,0,0,1,steady_dark
359000,3590,0,0,1,steady_dark
359100,3591,0,0,1,steady_dark
359200,3592,0,0,1,steady_dark
359300,3593,0,0,1,steady_dark
359400,3594,0,0,1,steady_dark
359500,3595,0,0,1,steady_dark
359600,3596,0,1,1,steady_dark
359700,3597,0,1,1,steady_dark
359800,3598,0,1,1,steady_dark
359900,3599,0,1,1,steady_dark
360000,3600,0,1,1,steady_dark
360100,3601,0,1,1,steady_dark
360200,3602,0,1,1,steady_dark
360300,3603,0,1,1,steady_dark
360400,3604,0,1,1,steady_dark
360500,3605,0,1,1,steady_dark
360600,3606,0,0,1,steady_dark
360700,3607,0,0,1,steady_dark
360800,3608,0,0,1,steady_dark
360900,3609,0,0,1,steady_dark
361000,3610,0,0,1,steady_dark
361100,3611,1,0,1,transition_dark_to_light
361200,3612,1,0,1,steady_light
361300,3613,1,0,1,steady_light
361400,3614,1,0,1,steady_light
361500,3615,1,0,1,steady_light
361600,3616,1,0,1,steady_light
361700,3617,1,0,1,steady_light
361800,3618,1,0,1,steady_light
361900,3619,1,0,1,steady_light
362000,3620,1,0,1,steady_light
362100,3621,1,0,1,steady_light
362200,3622,1,0,1,steady_light
362300,3623,1,0,1,steady_light
362400,3624,1,0,1,steady_light
362500,3625,1,0,1,steady_light
362600,3626,1,0,1,steady_light
362700,3627,1,0,1,steady_light
362800,3628,1,0,1,steady_light
362900,3629,1,0,1,steady_light
363000,3630,1,0,1,steady_light
363100,3631,1,0,1,steady_light
363200,3632,1,0,1,steady_light
363300,3633,1,0,1,steady_light
363400,3634,1,0,1,steady_light
363500,3635,1,0,1,steady_light
363600,3636,1,0,1,steady_light
363700,3637,1,0,1,steady_light
363800,3638,1,0,1,steady_light
363900,3639,1,0,1,steady_light
364000,3640,1,0,1,steady_light
364100,3641,1,0,1,steady_light
364200,3642,1,0,1,steady_light
364300,3643,1,0,1,steady_light
364400,3644,1,0,1,steady_light
364500,3645,1,0,1,steady_light
364600,3646,1,0,1,steady_light
364700,3647,1,0,1,steady_light
364800,3648,1,0,1,steady_light
364900,3649,1,0,1,steady_light
365000,3650,1,0,1,steady_light
365100,3651,1,0,1,steady_light
365200,3652,1,0,1,steady_light
365300,3653,1,0,1,steady_light
365400,3654,1,0,0,steady_light
365500,3655,1,0,0,steady_light
365600,3656,1,0,0,steady_light
365700,3657,1,0,0,steady_light
365800,3658,1,0,0,steady_light
365900,3659,1,0,0,steady_light
366000,3660,1,0,0,steady_light
366100,3661,1,0,0,steady_light
366200,3662,1,0,0,steady_light
366300,3663,1,0,0,steady_light
366400,3664,1,0,0,steady_light
366500,3665,1,0,0,steady_light
366600,3666,1,0,0,steady_light
366700,3667,1,0,0,steady_light
366800,3668,1,0,0,steady_light
366900,3669,1,0,0,steady_light
367000,3670,1,0,0,steady_light
367100,3671,1,0,0,steady_light
367200,3672,1,0,0,steady_light
367300,3673,1,0,0,steady_light
367400,3674,1,0,0,steady_light
367500,3675,1,0,0,steady_light
367600,3676,1,0,0,steady_light
367700,3677,1,0,0,steady_light
367800,3678,1,0,0,steady_light
367900,3679,1,0,0,steady_light
368000,3680,1,0,0,steady_light
368100,3681,1,0,0,steady_light
368200,3682,1,0,0,steady_light
368300,3683,1,0,0,steady_light
368400,3684,1,0,0,steady_light
368500,3685,0,1,1,transition_light_to_dark
368600,3686,0,1,1,steady_dark
368700,3687,0,1,1,steady_dark
368800,3688,0,1,1,steady_dark
368900,3689,0,1,1,steady_dark
369000,3690,0,1,1,steady_dark
369100,3691,0,1,1,steady_dark
369200,3692,0,1,1,steady_dark
369300,3693,0,1,1,steady_dark
369400,3694,0,1,1,steady_dark
369500,3695,0,1,1,steady_dark
369600,3696,0,0,1,steady_dark
369700,3697,0,0,1,steady_dark
369800,3698,0,0,1,steady_dark
369900,3699,0,0,1,steady_dark
370000,3700,0,0,1,steady_dark
370100,3701,0,0,1,steady_dark
370200,3702,0,0,1,steady_dark
370300,3703,1,0,1,transition_dark_to_light
370400,3704,1,0,1,steady_light
370500,3705,1,0,1,steady_light
370600,3706,1,0,1,steady_light
370700,3707,1,0,1,steady_light
370800,3708,1,0,1,steady_light
370900,3709,1,0,1,steady_light
371000,3710,1,0,1,steady_light
371100,3711,1,0,1,steady_light
371200,3712,1,0,1,steady_light
371300,3713,1,0,1,steady_light
371400,3714,1,0,1,steady_light
371500,3715,1,0,1,steady_light
371600,3716,1,0,1,steady_light
371700,3717,1,0,1,steady_light
371800,3718,1,0,1,steady_light
371900,3719,1,0,1,steady_light
372000,3720,1,0,1,steady_light
372100,3721,1,0,1,steady_light
372200,3722,1,0,1,steady_light
372300,3723,1,0,1,steady_light
372400,3724,1,0,1,steady_light
372500,3725,1,0,1,steady_light
372600,3726,1,0,1,steady_light
372700,3727,1,0,1,steady_light
372800,3728,1,0,1,steady_light
372900,3729,1,0,1,steady_light
373000,3730,1,0,1,steady_light
373100,3731,1,0,1,steady_light
373200,3732,1,0,1,steady_light
373300,3733,1,0,1,steady_light
373400,3734,1,0,1,steady_light
373500,3735,1,0,1,steady_light
373600,3736,1,0,1,steady_light
373700,3737,1,0,1,steady_light
373800,3738,1,0,1,steady_light
373900,3739,1,0,1,steady_light
374000,3740,0,0,1,transition_light_to_dark
374100,3741,0,0,1,steady_dark
374200,3742,0,0,1,steady_dark
374300,3743,0,0,1,steady_dark
374400,3744,0,0,1,steady_dark
374500,3745,0,0,1,steady_dark
374600,3746,0,1,1,steady_dark
374700,3747,0,1,1,steady_dark
374800,3748,0,1,1,steady_dark
374900,3749,0,1,1,steady_dark
375000,3750,0,1,1,steady_dark
375100,3751,0,1,1,steady_dark
375200,3752,0,1,1,steady_dark
375300,3753,0,1,1,steady_dark
375400,3754,0,1,1,steady_dark
375500,3755,0,1,1,steady_dark
375600,3756,0,1,1,steady_dark
375700,3757,0,0,1,steady_dark
375800,3758,0,0,1,steady_dark
375900,3759,0,0,1,steady_dark
376000,3760,0,0,1,steady_dark
376100,3761,0,0,1,steady_dark
376200,3762,0,0,1,steady_dark
376300,3763,0,0,1,steady_dark
376400,3764,0,0,1,steady_dark
376500,3765,0,0,1,steady_dark
376600,3766,1,0,1,transition_dark_to_light
376700,3767,1,0,1,steady_light
376800,3768,1,0,1,steady_light
376900,3769,1,0,1,steady_light
377000,3770,1,0,1,steady_light
377100,3771,1,0,1,steady_light
377200,3772,1,0,1,steady_light
377300,3773,1,0,1,steady_light
377400,3774,1,0,1,steady_light
377500,3775,1,0,1,steady_light
377600,3776,1,0,1,steady_light
377700,3777,1,0,1,steady_light
377800,3778,1,0,1,steady_light
377900,3779,1,0,1,steady_light
378000,3780,1,0,1,steady_light
378100,3781,1,0,1,steady_light
378200,3782,1,0,1,steady_light
378300,3783,1,0,1,steady_light
378400,3784,1,0,1,steady_light
378500,3785,1,0,1,steady_light
378600,3786,1,0,1,steady_light
378700,3787,1,0,1,steady_light
378800,3788,1,0,1,steady_light
378900,3789,1,0,1,steady_light
379000,3790,1,0,1,steady_light
379100,3791,1,0,1,steady_light
379200,3792,1,0,1,steady_light
379300,3793,1,0,1,steady_light
379400,3794,1,0,1,steady_light
379500,3795,1,0,1,steady_light
379600,3796,1,0,1,steady_light
379700,3797,1,0,1,steady_light
379800,3798,1,0,1,steady_light
379900,3799,1,0,1,steady_light
380000,3800,1,0,1,steady_light
380100,3801,1,0,1,steady_light
380200,3802,1,0,1,steady_light
380300,3803,1,0,1,steady_light
380400,3804,1,0,0,steady_light
380500,3805,1,0,0,steady_light
380600,3806,1,0,0,steady_light
380700,3807,1,0,0,steady_light
380800,3808,1,0,0,steady_light
380900,3809,1,0,0,steady_light
381000,3810,1,0,0,steady_light
381100,3811,0,1,1,transition_light_to_dark
381200,3812,0,1,1,steady_dark
381300,3813,0,1,1,steady_dark
381400,3814,0,1,1,steady_dark
381500,3815,0,1,1,steady_dark
381600,3816,0,1,1,steady_dark
381700,3817,0,1,1,steady_dark
381800,3818,0,1,1,steady_dark
381900,3819,0,1,1,steady_dark
382000,3820,0,1,1,steady_dark
382100,3821,0,0,1,steady_dark
382200,3822,0,0,1,steady_dark
382300,3823,0,0,1,steady_dark
382400,3824,0,0,1,steady_dark
382500,3825,0,0,1,steady_dark
382600,3826,0,0,1,steady_dark
382700,3827,0,0,1,steady_dark
382800,3828,0,0,1,steady_dark
382900,3829,0,0,1,steady_dark
383000,3830,0,0,1,steady_dark
383100,3831,0,0,1,steady_dark
383200,3832,0,0,1,steady_dark
383300,3833,0,0,1,steady_dark
383400,3834,0,0,1,steady_dark
383500,3835,0,0,1,steady_dark
383600,3836,0,0,1,steady_dark
383700,3837,0,0,1,steady_dark
383800,3838,0,0,1,steady_dark
383900,3839,0,0,1,steady_dark
384000,3840,0,0,1,steady_dark
384100,3841,0,0,1,steady_dark
384200,3842,0,0,1,steady_dark
384300,3843,0,0,1,steady_dark
384400,3844,0,0,1,steady_dark
384500,3845,0,0,1,steady_dark
384600,3846,0,0,1,steady_dark
384700,3847,0,0,1,steady_dark
384800,3848,0,0,1,steady_dark
384900,3849,0,0,1,steady_dark
385000,3850,0,0,1,steady_dark
385100,3851,0,0,1,steady_dark
385200,3852,0,0,1,steady_dark
385300,3853,0,0,1,steady_dark
385400,3854,0,0,1,steady_dark
385500,3855,0,0,1,steady_dark
385600,3856,0,0,1,steady_dark
385700,3857,0,0,1,steady_dark
385800,3858,0,0,1,steady_dark
385900,3859,0,0,1,steady_dark
386000,3860,0,0,1,steady_dark
386100,3861,0,0,1,steady_dark
386200,3862,0,0,1,steady_dark
386300,3863,0,0,1,steady_dark
386400,3864,0,0,1,steady_dark
386500,3865,0,0,1,steady_dark
386600,3866,0,0,1,steady_dark
386700,3867,0,1,1,steady_dark
386800,3868,0,1,1,steady_dark
386900,3869,0,1,1,steady_dark
387000,3870,0,1,1,steady_dark
387100,3871,0,1,1,steady_dark
387200,3872,0,1,1,steady_dark
387300,3873,0,1,1,steady_dark
387400,3874,0,1,1,steady_dark
387500,3875,0,1,1,steady_dark
387600,3876,0,1,1,steady_dark
387700,3877,0,0,1,steady_dark
387800,3878,0,0,1,steady_dark
387900,3879,0,0,1,steady_dark
388000,3880,0,0,1,steady_dark
388100,3881,0,0,1,steady_dark
388200,3882,0,0,1,steady_dark
388300,3883,0,0,1,steady_dark
388400,3884,1,0,1,transition_dark_to_light
388500,3885,1,0,1,steady_light
388600,3886,1,0,1,steady_light
388700,3887,1,0,1,steady_light
388800,3888,1,0,1,steady_light
388900,3889,1,0,1,steady_light
389000,3890,1,0,1,steady_light
389100,3891,1,0,1,steady_light
389200,3892,1,0,1,steady_light
389300,3893,1,0,1,steady_light
389400,3894,1,0,1,steady_light
389500,3895,1,0,1,steady_light
389600,3896,1,0,1,steady_light
389700,3897,1,0,1,steady_light
389800,3898,1,0,1,steady_light
389900,3899,1,0,1,steady_light
390000,3900,1,0,1,steady_light
390100,3901,1,0,1,steady_light
390200,3902,1,0,1,steady_light
390300,3903,1,0,1,steady_light
390400,3904,1,0,1,steady_light
390500,3905,1,0,1,steady_light
390600,3906,1,0,1,steady_light
390700,3907,1,0,1,steady_light
390800,3908,1,0,1,steady_light
390900,3909,1,0,1,steady_light
391000,3910,1,0,1,steady_light
391100,3911,1,0,1,steady_light
391200,3912,1,0,1,steady_light
391300,3913,1,0,1,steady_light
391400,3914,1,0,1,steady_light
391500,3915,1,0,1,steady_light
391600,3916,1,0,1,steady_light
391700,3917,1,0,1,steady_light
391800,3918,1,0,1,steady_light
391900,3919,1,0,1,steady_light
392000,3920,1,0,1,steady_light
392100,3921,1,0,1,steady_light
392200,3922,1,0,1,steady_light
392300,3923,1,0,1,steady_light
392400,3924,1,0,0,steady_light
392500,3925,1,0,0,steady_light
392600,3926,1,0,0,steady_light
392700,3927,1,0,0,steady_light
392800,3928,1,0,0,steady_light
392900,3929,1,0,0,steady_light
393000,3930,1,0,0,steady_light
393100,3931,1,0,0,steady_light
393200,3932,1,0,0,steady_light
393300,3933,1,0,0,steady_light
393400,3934,1,0,0,steady_light
393500,3935,1,0,0,steady_light
393600,3936,1,0,0,steady_light
393700,3937,1,0,0,steady_light
393800,3938,1,0,0,steady_light
393900,3939,1,0,0,steady_light
394000,3940,1,0,0,steady_light
394100,3941,1,0,0,steady_light
394200,3942,1,0,0,steady_light
394300,3943,1,0,0,steady_light
394400,3944,1,0,0,steady_light
394500,3945,1,0,0,steady_light
394600,3946,1,0,0,steady_light
394700,3947,1,0,0,steady_light
394800,3948,1,0,0,steady_light
394900,3949,1,0,0,steady_light
395000,3950,1,0,0,steady_light
395100,3951,1,0,0,steady_light
395200,3952,1,0,0,steady_light
395300,3953,1,0,0,steady_light
395400,3954,1,0,0,steady_light
395500,3955,1,0,0,steady_light
395600,3956,1,0,0,steady_light
395700,3957,1,0,0,steady_light
395800,3958,1,0,0,steady_light
395900,3959,1,0,0,steady_light
396000,3960,1,0,0,steady_light
396100,3961,1,0,0,steady_light
396200,3962,1,0,0,steady_light
396300,3963,0,1,1,transition_light_to_dark
396400,3964,0,1,1,steady_dark
396500,3965,0,1,1,steady_dark
396600,3966,0,1,1,steady_dark
396700,3967,0,1,1,steady_dark
396800,3968,0,1,1,steady_dark
396900,3969,0,1,1,steady_dark
397000,3970,0,1,1,steady_dark
397100,3971,0,1,1,steady_dark
397200,3972,0,1,1,steady_dark
397300,3973,0,1,1,steady_dark
397400,3974,0,0,1,steady_dark
397500,3975,0,0,1,steady_dark
397600,3976,0,0,1,steady_dark
397700,3977,0,0,1,steady_dark
397800,3978,0,0,1,steady_dark
397900,3979,1,0,1,transition_dark_to_light
398000,3980,1,0,1,steady_light
398100,3981,1,0,1,steady_light
398200,3982,1,0,1,steady_light
398300,3983,1,0,1,steady_light
398400,3984,1,0,1,steady_light
398500,3985,1,0,1,steady_light
398600,3986,1,0,1,steady_light
398700,3987,1,0,1,steady_light
398800,3988,1,0,1,steady_light
398900,3989,1,0,1,steady_light
399000,3990,1,0,1,steady_light
399100,3991,1,0,1,steady_light
399200,3992,1,0,1,steady_light
399300,3993,1,0,1,steady_light
399400,3994,1,0,1,steady_light
399500,3995,1,0,1,steady_light
399600,3996,1,0,1,steady_light
399700,3997,1,0,1,steady_light
399800,3998,1,0,1,steady_light
399900,3999,1,0,1,steady_light
400000,4000,1,0,1,steady_light
400100,4001,1,0,1,steady_light
400200,4002,1,0,1,steady_light
400300,4003,1,0,1,steady_light
400400,4004,1,0,1,steady_light
400500,4005,1,0,1,steady_light
400600,4006,1,0,1,steady_light
400700,4007,1,0,1,steady_light
400800,4008,1,0,1,steady_light
400900,4009,1,0,1,steady_light
401000,4010,1,0,1,steady_light
401100,4011,1,0,1,steady_light
401200,4012,1,0,1,steady_light
401300,4013,1,0,0,steady_light
401400,4014,1,0,0,steady_light
401500,4015,1,0,0,steady_light
401600,4016,1,0,0,steady_light
401700,4017,1,0,0,steady_light
401800,4018,1,0,0,steady_light
401900,4019,1,0,0,steady_light
402000,4020,1,0,0,steady_light
402100,4021,1,0,0,steady_light
402200,4022,1,0,0,steady_light
402300,4023,1,0,0,steady_light
402400,4024,1,0,0,steady_light
402500,4025,1,0,0,steady_light
402600,4026,1,0,0,steady_light
402700,4027,1,0,0,steady_light
402800,4028,1,0,0,steady_light
402900,4029,1,0,0,steady_light
403000,4030,1,0,0,steady_light
403100,4031,1,0,0,steady_light
403200,4032,1,0,0,steady_light
403300,4033,1,0,0,steady_light
403400,4034,1,0,0,steady_light
403500,4035,1,0,0,steady_light
403600,4036,1,0,0,steady_light
403700,4037,1,0,0,steady_light
403800,4038,1,0,0,steady_light
403900,4039,1,0,0,steady_light
404000,4040,1,0,0,steady_light
404100,4041,0,1,1,transition_light_to_dark
404200,4042,0,1,1,steady_dark
404300,4043,0,1,1,steady_dark
404400,4044,0,1,1,steady_dark
404500,4045,0,1,1,steady_dark
404600,4046,0,1,1,steady_dark
404700,4047,0,1,1,steady_dark
404800,4048,0,1,1,steady_dark
404900,4049,0,1,1,steady_dark
405000,4050,0,1,1,steady_dark
405100,4051,0,0,1,steady_dark
405200,4052,0,0,1,steady_dark
405300,4053,0,0,1,steady_dark
405400,4054,0,0,1,steady_dark
405500,4055,0,0,1,steady_dark
405600,4056,0,0,1,steady_dark
405700,4057,0,0,1,steady_dark
405800,4058,0,0,1,steady_dark
405900,4059,0,0,1,steady_dark
406000,4060,0,0,1,steady_dark
406100,4061,0,0,1,steady_dark
406200,4062,0,0,1,steady_dark
406300,4063,0,0,1,steady_dark
406400,4064,0,0,1,steady_dark
406500,4065,0,0,1,steady_dark
406600,4066,0,0,1,steady_dark
406700,4067,0,0,1,steady_dark
406800,4068,0,0,1,steady_dark
406900,4069,0,0,1,steady_dark
407000,4070,0,0,1,steady_dark
407100,4071,0,0,1,steady_dark
407200,4072,0,0,1,steady_dark
407300,4073,0,0,1,steady_dark
407400,4074,0,0,1,steady_dark
407500,4075,0,0,1,steady_dark
407600,4076,0,0,1,steady_dark
407700,4077,0,0,1,steady_dark
407800,4078,0,0,1,steady_dark
407900,4079,0,0,1,steady_dark
408000,4080,0,0,1,steady_dark
408100,4081,0,0,1,steady_dark
408200,4082,0,0,1,steady_dark
408300,4083,0,0,1,steady_dark
408400,4084,0,0,1,steady_dark
408500,4085,0,0,1,steady_dark
408600,4086,0,0,1,steady_dark
408700,4087,0,0,1,steady_dark
408800,4088,0,1,1,steady_dark
408900,4089,0,1,1,steady_dark
409000,4090,0,1,1,steady_dark
409100,4091,0,1,1,steady_dark
409200,4092,0,1,1,steady_dark
409300,4093,0,1,1,steady_dark
409400,4094,0,1,1,steady_dark
409500,4095,0,1,1,steady_dark
409600,4096,0,1,1,steady_dark
409700,4097,0,1,1,steady_dark
409800,4098,0,1,1,steady_dark
409900,4099,0,0,1,steady_dark
410000,4100,0,0,1,steady_dark
410100,4101,0,0,1,steady_dark
410200,4102,0,0,1,steady_dark
410300,4103,0,0,1,steady_dark
410400,4104,0,0,1,steady_dark
410500,4105,0,0,1,steady_dark
410600,4106,0,0,1,steady_dark
410700,4107,0,0,1,steady_dark
410800,4108,0,0,1,steady_dark
410900,4109,0,0,1,steady_dark
411000,4110,0,0,1,steady_dark
411100,4111,0,0,1,steady_dark
411200,4112,0,0,1,steady_dark
411300,4113,0,0,1,steady_dark
411400,4114,0,0,1,steady_dark
411500,4115,1,0,1,transition_dark_to_light
411600,4116,1,0,1,steady_light
411700,4117,1,0,1,steady_light
411800,4118,1,0,1,steady_light
411900,4119,1,0,1,steady_light
412000,4120,1,0,1,steady_light
412100,4121,1,0,1,steady_light
412200,4122,1,0,1,steady_light
412300,4123,1,0,1,steady_light
412400,4124,1,0,1,steady_light
412500,4125,1,0,1,steady_light
412600,4126,1,0,1,steady_light
412700,4127,1,0,1,steady_light
412800,4128,1,0,1,steady_light
412900,4129,1,0,1,steady_light
413000,4130,1,0,1,steady_light
413100,4131,1,0,1,steady_light
413200,4132,1,0,0,steady_light
413300,4133,1,0,0,steady_light
413400,4134,1,0,0,steady_light
413500,4135,1,0,0,steady_light
413600,4136,1,0,0,steady_light
413700,4137,1,0,0,steady_light
413800,4138,1,0,0,steady_light
413900,4139,1,0,0,steady_light
414000,4140,1,0,0,steady_light
414100,4141,1,0,0,steady_light
414200,4142,1,0,0,steady_light
414300,4143,1,0,0,steady_light
414400,4144,1,0,0,steady_light
414500,4145,1,0,0,steady_light
414600,4146,1,0,0,steady_light
414700,4147,1,0,0,steady_light
414800,4148,1,0,0,steady_light
414900,4149,1,0,0,steady_light
415000,4150,1,0,0,steady_light
415100,4151,1,0,0,steady_light
415200,4152,1,0,0,steady_light
415300,4153,1,0,0,steady_light
415400,4154,1,0,0,steady_light
415500,4155,1,0,0,steady_light
415600,4156,1,0,0,steady_light
415700,4157,1,0,0,steady_light
415800,4158,1,0,0,steady_light
415900,4159,1,0,0,steady_light
416000,4160,1,0,0,steady_light
416100,4161,1,0,0,steady_light
416200,4162,1,0,0,steady_light
416300,4163,1,0,0,steady_light
416400,4164,1,0,0,steady_light
416500,4165,1,0,0,steady_light
416600,4166,1,0,0,steady_light
416700,4167,1,0,0,steady_light
416800,4168,1,0,0,steady_light
416900,4169,1,0,0,steady_light
417000,4170,1,0,0,steady_light
417100,4171,1,0,0,steady_light
417200,4172,1,0,0,steady_light
417300,4173,1,0,0,steady_light
417400,4174,1,0,0,steady_light
417500,4175,1,0,0,steady_light
417600,4176,1,0,0,steady_light
417700,4177,1,0,0,steady_light
417800,4178,1,0,0,steady_light
417900,4179,1,0,0,steady_light
418000,4180,1,0,0,steady_light
418100,4181,1,0,0,steady_light
418200,4182,1,0,0,steady_light
418300,4183,1,0,0,steady_light
418400,4184,1,0,0,steady_light
418500,4185,1,0,0,steady_light
418600,4186,1,0,0,steady_light
418700,4187,1,0,0,steady_light
418800,4188,1,0,0,steady_light
418900,4189,1,0,0,steady_light
419000,4190,1,0,0,steady_light
419100,4191,1,0,0,steady_light
419200,4192,1,0,0,steady_light
419300,4193,1,0,0,steady_light
419400,4194,1,0,0,steady_light
419500,4195,1,0,0,steady_light
419600,4196,1,0,0,steady_light
419700,4197,1,0,0,steady_light
419800,4198,1,0,0,steady_light
419900,4199,1,0,0,steady_light
420000,4200,1,0,0,steady_light
420100,4201,1,0,0,steady_light
420200,4202,1,0,0,steady_light
420300,4203,1,0,0,steady_light
420400,4204,1,0,0,steady_light
420500,4205,1,0,0,steady_light
420600,4206,1,0,0,steady_light
420700,4207,1,0,0,steady_light
420800,4208,1,0,0,steady_light
420900,4209,1,0,0,steady_light
421000,4210,1,0,0,steady_light
421100,4211,1,0,0,steady_light
421200,4212,1,0,0,steady_light
421300,4213,1,0,0,steady_light
421400,4214,1,0,0,steady_light
421500,4215,1,0,0,steady_light
421600,4216,1,0,0,steady_light
421700,4217,1,0,0,steady_light
421800,4218,1,0,0,steady_light
421900,4219,1,0,0,steady_light
422000,4220,1,0,0,steady_light
422100,4221,1,0,0,steady_light
422200,4222,1,0,0,steady_light
422300,4223,1,0,0,steady_light
422400,4224,1,0,0,steady_light
422500,4225,1,0,0,steady_light
422600,4226,1,0,0,steady_light
422700,4227,1,0,0,steady_light
422800,4228,1,0,0,steady_light
422900,4229,1,0,0,steady_light
423000,4230,1,0,0,steady_light
423100,4231,1,0,0,steady_light
423200,4232,1,0,0,steady_light
423300,4233,1,0,0,steady_light
423400,4234,1,0,0,steady_light
423500,4235,1,0,0,steady_light
423600,4236,1,0,0,steady_light
423700,4237,1,0,0,steady_light
423800,4238,1,0,0,steady_light
423900,4239,1,0,0,steady_light
424000,4240,1,0,0,steady_light
424100,4241,1,0,0,steady_light
424200,4242,1,0,0,steady_light
424300,4243,1,0,0,steady_light
424400,4244,1,0,0,steady_light
424500,4245,1,0,0,steady_light
424600,4246,1,0,0,steady_light
424700,4247,1,0,0,steady_light
424800,4248,1,0,0,steady_light
424900,4249,1,0,0,steady_light
425000,4250,1,0,0,steady_light
425100,4251,1,0,0,steady_light
425200,4252,1,0,0,steady_light
425300,4253,1,0,0,steady_light
425400,4254,1,0,0,steady_light
425500,4255,1,0,0,steady_light
425600,4256,1,0,0,steady_light
425700,4257,1,0,0,steady_light
425800,4258,1,0,0,steady_light
425900,4259,1,0,0,steady_light
426000,4260,1,0,0,steady_light
426100,4261,1,0,0,steady_light
426200,4262,1,0,0,steady_light
426300,4263,1,0,0,steady_light
426400,4264,1,0,0,steady_light
426500,4265,1,0,0,steady_light
426600,4266,1,0,0,steady_light
426700,4267,1,0,0,steady_light
426800,4268,1,0,0,steady_light
426900,4269,1,0,0,steady_light
427000,4270,1,0,0,steady_light
427100,4271,1,0,0,steady_light
427200,4272,1,0,0,steady_light
427300,4273,1,0,0,steady_light
427400,4274,1,0,0,steady_light
427500,4275,1,0,0,steady_light
427600,4276,1,0,0,steady_light
427700,4277,1,0,0,steady_light
427800,4278,1,0,0,steady_light
427900,4279,1,0,0,steady_light
428000,4280,1,0,0,steady_light
428100,4281,1,0,0,steady_light
428200,4282,1,0,0,steady_light
428300,4283,1,0,0,steady_light
428400,4284,1,0,0,steady_light
428500,4285,1,0,0,steady_light
428600,4286,1,0,0,steady_light
428700,4287,1,0,0,steady_light
428800,4288,1,0,0,steady_light
428900,4289,1,0,0,steady_light
429000,4290,1,0,0,steady_light
429100,4291,1,0,0,steady_light
429200,4292,1,0,0,steady_light
429300,4293,1,0,0,steady_light
429400,4294,1,0,0,steady_light
429500,4295,1,0,0,steady_light
429600,4296,1,0,0,steady_light
429700,4297,1,0,0,steady_light
429800,4298,1,0,0,steady_light
429900,4299,1,0,0,steady_light
430000,4300,1,0,0,steady_light
430100,4301,1,0,0,steady_light
430200,4302,1,0,0,steady_light
430300,4303,1,0,0,steady_light
430400,4304,1,0,0,steady_light
430500,4305,1,0,0,steady_light
430600,4306,1,0,0,steady_light
430700,4307,1,0,0,steady_light
430800,4308,1,0,0,steady_light
430900,4309,1,0,0,steady_light
431000,4310,1,0,0,steady_light
431100,4311,1,0,0,steady_light
431200,4312,1,0,0,steady_light
431300,4313,1,0,0,steady_light
431400,4314,1,0,0,steady_light
431500,4315,1,0,0,steady_light
431600,4316,1,0,0,steady_light
431700,4317,1,0,0,steady_light
431800,4318,1,0,0,steady_light
431900,4319,1,0,0,steady_light
432000,4320,1,0,0,steady_light
432100,4321,1,0,0,steady_light
432200,4322,1,0,0,steady_light
432300,4323,1,0,0,steady_light
432400,4324,1,0,0,steady_light
432500,4325,1,0,0,steady_light
432600,4326,1,0,0,steady_light
432700,4327,1,0,0,steady_light
432800,4328,1,0,0,steady_light
432900,4329,1,0,0,steady_light
433000,4330,1,0,0,steady_light
433100,4331,1,0,0,steady_light
433200,4332,1,0,0,steady_light
433300,4333,1,0,0,steady_light
433400,4334,1,0,0,steady_light
433500,4335,1,0,0,steady_light
433600,4336,1,0,0,steady_light
433700,4337,1,0,0,steady_light
433800,4338,1,0,0,steady_light
433900,4339,1,0,0,steady_light
434000,4340,1,0,0,steady_light
434100,4341,1,0,0,steady_light
434200,4342,1,0,0,steady_light
434300,4343,1,0,0,steady_light
434400,4344,1,0,0,steady_light
434500,4345,1,0,0,steady_light
434600,4346,1,0,0,steady_light
434700,4347,1,0,0,steady_light
434800,4348,1,0,0,steady_light
434900,4349,1,0,0,steady_light
435000,4350,1,0,0,steady_light
435100,4351,1,0,0,steady_light
435200,4352,1,0,0,steady_light
435300,4353,1,0,0,steady_light
435400,4354,1,0,0,steady_light
435500,4355,1,0,0,steady_light
435600,4356,1,0,0,steady_light
435700,4357,1,0,0,steady_light
435800,4358,1,0,0,steady_light
435900,4359,1,0,0,steady_light
436000,4360,1,0,0,steady_light
436100,4361,1,0,0,steady_light
436200,4362,1,0,0,steady_light
436300,4363,1,0,0,steady_light
436400,4364,1,0,0,steady_light
436500,4365,1,0,0,steady_light
436600,4366,1,0,0,steady_light
436700,4367,1,0,0,steady_light
436800,4368,1,0,0,steady_light
436900,4369,1,0,0,steady_light
437000,4370,1,0,0,steady_light
437100,4371,1,0,0,steady_light
437200,4372,1,0,0,steady_light
437300,4373,1,0,0,steady_light
437400,4374,1,0,0,steady_light
437500,4375,1,0,0,steady_light
437600,4376,1,0,0,steady_light
437700,4377,1,0,0,steady_light
437800,4378,1,0,0,steady_light
437900,4379,1,0,0,steady_light
438000,4380,1,0,0,steady_light
438100,4381,1,0,0,steady_light
438200,4382,1,0,0,steady_light
438300,4383,1,0,0,steady_light
438400,4384,1,0,0,steady_light
438500,4385,1,0,0,steady_light
438600,4386,1,0,0,steady_light
438700,4387,1,0,0,steady_light
438800,4388,1,0,0,steady_light
438900,4389,1,0,0,steady_light
439000,4390,1,0,0,steady_light
439100,4391,1,0,0,steady_light
439200,4392,1,0,0,steady_light
439300,4393,1,0,0,steady_light
439400,4394,1,0,0,steady_light
439500,4395,1,0,0,steady_light
439600,4396,1,0,0,steady_light
439700,4397,1,0,0,steady_light
439800,4398,1,0,0,steady_light
439900,4399,1,0,0,steady_light
440000,4400,1,0,0,steady_light
440100,4401,1,0,0,steady_light
440200,4402,1,0,0,steady_light
440300,4403,1,0,0,steady_light
440400,4404,1,0,0,steady_light
440500,4405,1,0,0,steady_light
440600,4406,1,0,0,steady_light
440700,4407,1,0,0,steady_light
440800,4408,1,0,0,steady_light
440900,4409,1,0,0,steady_light
441000,4410,1,0,0,steady_light
441100,4411,1,0,0,steady_light
441200,4412,1,0,0,steady_light
441300,4413,1,0,0,steady_light
441400,4414,1,0,0,steady_light
441500,4415,1,0,0,steady_light
441600,4416,1,0,0,steady_light
441700,4417,1,0,0,steady_light
441800,4418,1,0,0,steady_light
441900,4419,1,0,0,steady_light
442000,4420,1,0,0,steady_light
442100,4421,1,0,0,steady_light
442200,4422,1,0,0,steady_light
442300,4423,1,0,0,steady_light
442400,4424,1,0,0,steady_light
442500,4425,1,0,0,steady_light
442600,4426,1,0,0,steady_light
442700,4427,1,0,0,steady_light
442800,4428,1,0,0,steady_light
442900,4429,1,0,0,steady_light
443000,4430,1,0,0,steady_light
443100,4431,1,0,0,steady_light
443200,4432,1,0,0,steady_light
443300,4433,1,0,0,steady_light
443400,4434,1,0,0,steady_light
443500,4435,1,0,0,steady_light
443600,4436,1,0,0,steady_light
443700,4437,1,0,0,steady_light
443800,4438,1,0,0,steady_light
443900,4439,1,0,0,steady_light
444000,4440,1,0,0,steady_light
444100,4441,1,0,0,steady_light
444200,4442,1,0,0,steady_light
444300,4443,1,0,0,steady_light
444400,4444,1,0,0,steady_light
444500,4445,1,0,0,steady_light
444600,4446,1,0,0,steady_light
444700,4447,1,0,0,steady_light
444800,4448,1,0,0,steady_light
444900,4449,1,0,0,steady_light
445000,4450,1,0,0,steady_light
445100,4451,1,0,0,steady_light
445200,4452,1,0,0,steady_light
445300,4453,1,0,0,steady_light
445400,4454,1,0,0,steady_light
445500,4455,1,0,0,steady_light
445600,4456,1,0,0,steady_light
445700,4457,1,0,0,steady_light
445800,4458,1,0,0,steady_light
445900,4459,1,0,0,steady_light
446000,4460,1,0,0,steady_light
446100,4461,1,0,0,steady_light
446200,4462,1,0,0,steady_light
446300,4463,1,0,0,steady_light
446400,4464,1,0,0,steady_light
446500,4465,1,0,0,steady_light
446600,4466,1,0,0,steady_light
446700,4467,1,0,0,steady_light
446800,4468,1,0,0,steady_light
446900,4469,1,0,0,steady_light
447000,4470,1,0,0,steady_light
447100,4471,1,0,0,steady_light
447200,4472,1,0,0,steady_light
447300,4473,1,0,0,steady_light
447400,4474,1,0,0,steady_light
447500,4475,1,0,0,steady_light
447600,4476,1,0,0,steady_light
447700,4477,1,0,0,steady_light
447800,4478,1,0,0,steady_light
447900,4479,1,0,0,steady_light
448000,4480,1,0,0,steady_light
448100,4481,1,0,0,steady_light
448200,4482,1,0,0,steady_light
448300,4483,1,0,0,steady_light
448400,4484,1,0,0,steady_light
448500,4485,1,0,0,steady_light
448600,4486,1,0,0,steady_light
448700,4487,1,0,0,steady_light
448800,4488,1,0,0,steady_light
448900,4489,1,0,0,steady_light
449000,4490,1,0,0,steady_light
449100,4491,1,0,0,steady_light
449200,4492,1,0,0,steady_light
449300,4493,1,0,0,steady_light
449400,4494,1,0,0,steady_light
449500,4495,1,0,0,steady_light
449600,4496,1,0,0,steady_light
449700,4497,1,0,0,steady_light
449800,4498,1,0,0,steady_light
449900,4499,1,0,0,steady_light
450000,4500,1,0,0,steady_light
450100,4501,1,0,0,steady_light
450200,4502,1,0,0,steady_light
450300,4503,1,0,0,steady_light
450400,4504,1,0,0,steady_light
450500,4505,1,0,0,steady_light
450600,4506,1,0,0,steady_light
450700,4507,1,0,0,steady_light
450800,4508,1,0,0,steady_light
450900,4509,1,0,0,steady_light
451000,4510,1,0,0,steady_light
451100,4511,1,0,0,steady_light
451200,4512,1,0,0,steady_light
451300,4513,1,0,0,steady_light
451400,4514,1,0,0,steady_light
451500,4515,1,0,0,steady_light
451600,4516,1,0,0,steady_light
451700,4517,1,0,0,steady_light
451800,4518,1,0,0,steady_light
451900,4519,1,0,0,steady_light
452000,4520,1,0,0,steady_light
452100,4521,1,0,0,steady_light
452200,4522,1,0,0,steady_light
452300,4523,1,0,0,steady_light
452400,4524,1,0,0,steady_light
452500,4525,1,0,0,steady_light
452600,4526,1,0,0,steady_light
452700,4527,1,0,0,steady_light
452800,4528,1,0,0,steady_light
452900,4529,1,0,0,steady_light
453000,4530,1,0,0,steady_light
453100,4531,1,0,0,steady_light
453200,4532,1,0,0,steady_light
453300,4533,1,0,0,steady_light
453400,4534,1,0,0,steady_light
453500,4535,1,0,0,steady_light
453600,4536,1,0,0,steady_light
453700,4537,1,0,0,steady_light
453800,4538,1,0,0,steady_light
453900,4539,1,0,0,steady_light
454000,4540,1,0,0,steady_light
454100,4541,1,0,0,steady_light
454200,4542,1,0,0,steady_light
454300,4543,1,0,0,steady_light
454400,4544,1,0,0,steady_light
454500,4545,1,0,0,steady_light
454600,4546,1,0,0,steady_light
454700,4547,1,0,0,steady_light
454800,4548,1,0,0,steady_light
454900,4549,1,0,0,steady_light
455000,4550,1,0,0,steady_light
455100,4551,1,0,0,steady_light
455200,4552,1,0,0,steady_light
455300,4553,1,0,0,steady_light
455400,4554,1,0,0,steady_light
455500,4555,1,0,0,steady_light
455600,4556,1,0,0,steady_light
455700,4557,1,0,0,steady_light
455800,4558,1,0,0,steady_light
455900,4559,1,0,0,steady_light
456000,4560,1,0,0,steady_light
456100,4561,1,0,0,steady_light
456200,4562,1,0,0,steady_light
456300,4563,1,0,0,steady_light
456400,4564,1,0,0,steady_light
456500,4565,1,0,0,steady_light
456600,4566,1,0,0,steady_light
456700,4567,1,0,0,steady_light
456800,4568,1,0,0,steady_light
456900,4569,1,0,0,steady_light
457000,4570,1,0,0,steady_light
457100,4571,1,0,0,steady_light
457200,4572,1,0,0,steady_light
457300,4573,1,0,0,steady_light
457400,4574,1,0,0,steady_light
457500,4575,1,0,0,steady_light
457600,4576,1,0,0,steady_light
457700,4577,1,0,0,steady_light
457800,4578,1,0,0,steady_light
457900,4579,1,0,0,steady_light
458000,4580,1,0,0,steady_light
458100,4581,1,0,0,steady_light
458200,4582,1,0,0,steady_light
458300,4583,1,0,0,steady_light
458400,4584,1,0,0,steady_light
458500,4585,1,0,0,steady_light
458600,4586,1,0,0,steady_light
458700,4587,1,0,0,steady_light
458800,4588,1,0,0,steady_light
458900,4589,1,0,0,steady_light
459000,4590,1,0,0,steady_light
459100,4591,1,0,0,steady_light
459200,4592,1,0,0,steady_light
459300,4593,1,0,0,steady_light
459400,4594,1,0,0,steady_light
459500,4595,1,0,0,steady_light
459600,4596,1,0,0,steady_light
459700,4597,1,0,0,steady_light
459800,4598,1,0,0,steady_light
459900,4599,1,0,0,steady_light
460000,4600,1,0,0,steady_light
460100,4601,1,0,0,steady_light
460200,4602,1,0,0,steady_light
460300,4603,1,0,0,steady_light
460400,4604,1,0,0,steady_light
460500,4605,1,0,0,steady_light
460600,4606,1,0,0,steady_light
460700,4607,1,0,0,steady_light
460800,4608,1,0,0,steady_light
460900,4609,1,0,0,steady_light
461000,4610,1,0,0,steady_light
461100,4611,1,0,0,steady_light
461200,4612,1,0,0,steady_light
461300,4613,1,0,0,steady_light
461400,4614,1,0,0,steady_light
461500,4615,1,0,0,steady_light
461600,4616,1,0,0,steady_light
461700,4617,1,0,0,steady_light
461800,4618,1,0,0,steady_light
461900,4619,1,0,0,steady_light
462000,4620,1,0,0,steady_light
462100,4621,1,0,0,steady_light
462200,4622,1,0,0,steady_light
462300,4623,1,0,0,steady_light
462400,4624,1,0,0,steady_light
462500,4625,1,0,0,steady_light
462600,4626,1,0,0,steady_light
462700,4627,1,0,0,steady_light
462800,4628,1,0,0,steady_light
462900,4629,0,1,1,transition_light_to_dark
463000,4630,0,1,1,steady_dark
463100,4631,0,1,1,steady_dark
463200,4632,0,1,1,steady_dark
463300,4633,0,1,1,steady_dark
463400,4634,0,1,1,steady_dark
463500,4635,0,1,1,steady_dark
463600,4636,0,1,1,steady_dark
463700,4637,0,1,1,steady_dark
463800,4638,0,1,1,steady_dark
463900,4639,0,1,1,steady_dark
464000,4640,0,0,1,steady_dark
464100,4641,0,0,1,steady_dark
464200,4642,0,0,1,steady_dark
464300,4643,0,0,1,steady_dark
464400,4644,0,0,1,steady_dark
464500,4645,0,0,1,steady_dark
464600,4646,1,0,1,transition_dark_to_light
464700,4647,1,0,1,steady_light
464800,4648,1,0,1,steady_light
464900,4649,1,0,1,steady_light
465000,4650,1,0,1,steady_light
465100,4651,1,0,1,steady_light
465200,4652,1,0,1,steady_light
465300,4653,1,0,1,steady_light
465400,4654,1,0,1,steady_light
465500,4655,1,0,1,steady_light
465600,4656,1,0,1,steady_light
465700,4657,1,0,1,steady_light
465800,4658,1,0,1,steady_light
465900,4659,1,0,1,steady_light
466000,4660,1,0,1,steady_light
466100,4661,1,0,1,steady_light
466200,4662,1,0,1,steady_light
466300,4663,1,0,1,steady_light
466400,4664,1,0,1,steady_light
466500,4665,1,0,1,steady_light
466600,4666,1,0,1,steady_light
466700,4667,0,0,1,transition_light_to_dark
466800,4668,1,0,1,transition_dark_to_light
466900,4669,1,0,1,steady_light
467000,4670,1,0,1,steady_light
467100,4671,1,0,1,steady_light
467200,4672,1,0,1,steady_light
467300,4673,1,0,1,steady_light
467400,4674,1,0,1,steady_light
467500,4675,1,0,1,steady_light
467600,4676,1,0,1,steady_light
467700,4677,1,0,1,steady_light
467800,4678,1,0,1,steady_light
467900,4679,1,0,1,steady_light
468000,4680,1,0,1,steady_light
468100,4681,1,0,0,steady_light
468200,4682,1,0,0,steady_light
468300,4683,0,1,1,transition_light_to_dark
468400,4684,0,1,1,steady_dark
468500,4685,0,1,1,steady_dark
468600,4686,0,1,1,steady_dark
468700,4687,0,1,1,steady_dark
468800,4688,0,1,1,steady_dark
468900,4689,0,1,1,steady_dark
469000,4690,0,1,1,steady_dark
469100,4691,0,1,1,steady_dark
469200,4692,0,1,1,steady_dark
469300,4693,0,1,1,steady_dark
469400,4694,0,0,1,steady_dark
469500,4695,0,0,1,steady_dark
469600,4696,0,0,1,steady_dark
469700,4697,0,0,1,steady_dark
469800,4698,0,0,1,steady_dark
469900,4699,0,0,1,steady_dark
470000,4700,0,0,1,steady_dark
470100,4701,0,0,1,steady_dark
470200,4702,0,0,1,steady_dark
470300,4703,0,0,1,steady_dark
470400,4704,0,0,1,steady_dark
470500,4705,0,0,1,steady_dark
470600,4706,0,0,1,steady_dark
470700,4707,0,0,1,steady_dark
470800,4708,0,0,1,steady_dark
470900,4709,0,0,1,steady_dark
471000,4710,0,0,1,steady_dark
471100,4711,0,0,1,steady_dark
471200,4712,0,0,1,steady_dark
471300,4713,0,0,1,steady_dark
471400,4714,0,0,1,steady_dark
471500,4715,0,1,1,steady_dark
471600,4716,0,1,1,steady_dark
471700,4717,0,1,1,steady_dark
471800,4718,0,1,1,steady_dark
471900,4719,0,1,1,steady_dark
472000,4720,0,1,1,steady_dark
472100,4721,0,1,1,steady_dark
472200,4722,0,1,1,steady_dark
472300,4723,0,1,1,steady_dark
472400,4724,0,1,1,steady_dark
472500,4725,0,0,1,steady_dark
472600,4726,0,0,1,steady_dark
472700,4727,0,0,1,steady_dark
472800,4728,0,0,1,steady_dark
472900,4729,1,0,1,transition_dark_to_light
473000,4730,1,0,1,steady_light
473100,4731,1,0,1,steady_light
473200,4732,1,0,1,steady_light
473300,4733,1,0,1,steady_light
473400,4734,1,0,1,steady_light
473500,4735,1,0,1,steady_light
473600,4736,1,0,1,steady_light
473700,4737,1,0,1,steady_light
473800,4738,1,0,1,steady_light
473900,4739,1,0,1,steady_light
474000,4740,1,0,1,steady_light
474100,4741,1,0,1,steady_light
474200,4742,1,0,1,steady_light
474300,4743,1,0,1,steady_light
474400,4744,1,0,1,steady_light
474500,4745,1,0,1,steady_light
474600,4746,1,0,1,steady_light
474700,4747,1,0,0,steady_light
474800,4748,1,0,0,steady_light
474900,4749,1,0,0,steady_light
475000,4750,1,0,0,steady_light
475100,4751,1,0,0,steady_light
475200,4752,1,0,0,steady_light
475300,4753,1,0,0,steady_light
475400,4754,1,0,0,steady_light
475500,4755,1,0,0,steady_light
475600,4756,1,0,0,steady_light
475700,4757,1,0,0,steady_light
475800,4758,1,0,0,steady_light
475900,4759,1,0,0,steady_light
476000,4760,1,0,0,steady_light
476100,4761,1,0,0,steady_light
476200,4762,0,1,1,transition_light_to_dark
476300,4763,0,1,1,steady_dark
476400,4764,0,1,1,steady_dark
476500,4765,0,1,1,steady_dark
476600,4766,0,1,1,steady_dark
476700,4767,0,1,1,steady_dark
476800,4768,0,1,1,steady_dark
476900,4769,0,1,1,steady_dark
477000,4770,0,1,1,steady_dark
477100,4771,0,1,1,steady_dark
477200,4772,0,1,1,steady_dark
477300,4773,0,0,1,steady_dark
477400,4774,0,0,1,steady_dark
477500,4775,0,0,1,steady_dark
477600,4776,0,0,1,steady_dark
477700,4777,0,0,1,steady_dark
477800,4778,0,0,1,steady_dark
477900,4779,0,0,1,steady_dark
478000,4780,0,0,1,steady_dark
478100,4781,0,0,1,steady_dark
478200,4782,0,0,1,steady_dark
478300,4783,0,0,1,steady_dark
478400,4784,0,0,1,steady_dark
478500,4785,0,0,1,steady_dark
478600,4786,0,0,1,steady_dark
478700,4787,0,0,1,steady_dark
478800,4788,0,0,1,steady_dark
478900,4789,0,0,1,steady_dark
479000,4790,0,0,1,steady_dark
479100,4791,0,0,1,steady_dark
479200,4792,0,0,1,steady_dark
479300,4793,0,0,1,steady_dark
479400,4794,0,0,1,steady_dark
479500,4795,0,0,1,steady_dark
479600,4796,0,0,1,steady_dark
479700,4797,0,0,1,steady_dark
479800,4798,0,0,1,steady_dark
479900,4799,0,0,1,steady_dark
480000,4800,0,0,1,steady_dark
480100,4801,0,0,1,steady_dark
480200,4802,0,0,1,steady_dark
480300,4803,0,0,1,steady_dark
480400,4804,0,0,1,steady_dark
480500,4805,0,0,1,steady_dark
480600,4806,0,0,1,steady_dark
480700,4807,0,0,1,steady_dark
480800,4808,0,0,1,steady_dark
480900,4809,0,1,1,steady_dark
481000,4810,0,1,1,steady_dark
481100,4811,0,1,1,steady_dark
481200,4812,0,1,1,steady_dark
481300,4813,0,1,1,steady_dark
481400,4814,0,1,1,steady_dark
481500,4815,0,1,1,steady_dark
481600,4816,0,1,1,steady_dark
481700,4817,0,1,1,steady_dark
481800,4818,0,1,1,steady_dark
481900,4819,0,1,1,steady_dark
482000,4820,0,0,1,steady_dark
482100,4821,0,0,1,steady_dark
482200,4822,0,0,1,steady_dark
482300,4823,0,0,1,steady_dark
482400,4824,0,0,1,steady_dark
482500,4825,0,0,1,steady_dark
482600,4826,0,0,1,steady_dark
482700,4827,0,0,1,steady_dark
482800,4828,0,0,1,steady_dark
482900,4829,0,0,1,steady_dark
483000,4830,0,0,1,steady_dark
483100,4831,0,0,1,steady_dark
483200,4832,0,0,1,steady_dark
483300,4833,0,0,1,steady_dark
483400,4834,0,0,1,steady_dark
483500,4835,0,0,1,steady_dark
483600,4836,0,0,1,steady_dark
483700,4837,0,0,1,steady_dark
483800,4838,0,0,1,steady_dark
483900,4839,0,0,1,steady_dark
484000,4840,0,0,1,steady_dark
484100,4841,0,0,1,steady_dark
484200,4842,0,0,1,steady_dark
484300,4843,0,0,1,steady_dark
484400,4844,0,0,1,steady_dark
484500,4845,0,0,1,steady_dark
484600,4846,0,0,1,steady_dark
484700,4847,0,0,1,steady_dark
484800,4848,0,0,1,steady_dark
484900,4849,0,0,1,steady_dark
485000,4850,0,0,1,steady_dark
485100,4851,0,0,1,steady_dark
485200,4852,0,0,1,steady_dark
485300,4853,0,0,1,steady_dark
485400,4854,0,0,1,steady_dark
485500,4855,0,0,1,steady_dark
485600,4856,0,0,1,steady_dark
485700,4857,0,0,1,steady_dark
485800,4858,0,0,1,steady_dark
485900,4859,0,0,1,steady_dark
486000,4860,0,0,1,steady_dark
486100,4861,0,0,1,steady_dark
486200,4862,0,0,1,steady_dark
486300,4863,0,1,1,steady_dark
486400,4864,0,1,1,steady_dark
486500,4865,0,1,1,steady_dark
486600,4866,0,1,1,steady_dark
486700,4867,0,1,1,steady_dark
486800,4868,0,1,1,steady_dark
486900,4869,0,1,1,steady_dark
487000,4870,0,1,1,steady_dark
487100,4871,0,1,1,steady_dark
487200,4872,0,1,1,steady_dark
487300,4873,0,0,1,steady_dark
487400,4874,0,0,1,steady_dark
487500,4875,0,0,1,steady_dark
487600,4876,0,0,1,steady_dark
487700,4877,1,0,1,transition_dark_to_light
487800,4878,1,0,1,steady_light
487900,4879,1,0,1,steady_light
488000,4880,1,0,1,steady_light
488100,4881,1,0,1,steady_light
488200,4882,1,0,1,steady_light
488300,4883,1,0,1,steady_light
488400,4884,1,0,1,steady_light
488500,4885,1,0,1,steady_light
488600,4886,1,0,1,steady_light
488700,4887,1,0,1,steady_light
488800,4888,1,0,1,steady_light
488900,4889,1,0,1,steady_light
489000,4890,1,0,1,steady_light
489100,4891,1,0,1,steady_light
489200,4892,1,0,1,steady_light
489300,4893,1,0,1,steady_light
489400,4894,1,0,1,steady_light
489500,4895,1,0,1,steady_light
489600,4896,1,0,1,steady_light
489700,4897,1,0,1,steady_light
489800,4898,1,0,1,steady_light
489900,4899,1,0,1,steady_light
490000,4900,1,0,1,steady_light
490100,4901,1,0,1,steady_light
490200,4902,1,0,1,steady_light
490300,4903,1,0,1,steady_light
490400,4904,1,0,1,steady_light
490500,4905,1,0,1,steady_light
490600,4906,1,0,1,steady_light
490700,4907,1,0,1,steady_light
490800,4908,1,0,1,steady_light
490900,4909,1,0,1,steady_light
491000,4910,1,0,1,steady_light
491100,4911,1,0,1,steady_light
491200,4912,1,0,1,steady_light
491300,4913,1,0,1,steady_light
491400,4914,1,0,1,steady_light
491500,4915,1,0,1,steady_light
491600,4916,1,0,1,steady_light
491700,4917,1,0,1,steady_light
491800,4918,1,0,0,steady_light
491900,4919,1,0,0,steady_light
492000,4920,1,0,0,steady_light
492100,4921,1,0,0,steady_light
492200,4922,1,0,0,steady_light
492300,4923,1,0,0,steady_light
492400,4924,1,0,0,steady_light
492500,4925,1,0,0,steady_light
492600,4926,1,0,0,steady_light
492700,4927,1,0,0,steady_light
492800,4928,1,0,0,steady_light
492900,4929,1,0,0,steady_light
493000,4930,1,0,0,steady_light
493100,4931,1,0,0,steady_light
493200,4932,1,0,0,steady_light
493300,4933,1,0,0,steady_light
493400,4934,1,0,0,steady_light
493500,4935,1,0,0,steady_light
493600,4936,1,0,0,steady_light
493700,4937,1,0,0,steady_light
493800,4938,1,0,0,steady_light
493900,4939,1,0,0,steady_light
494000,4940,1,0,0,steady_light
494100,4941,1,0,0,steady_light
494200,4942,1,0,0,steady_light
494300,4943,1,0,0,steady_light
494400,4944,1,0,0,steady_light
494500,4945,1,0,0,steady_light
494600,4946,1,0,0,steady_light
494700,4947,1,0,0,steady_light
494800,4948,1,0,0,steady_light
494900,4949,1,0,0,steady_light
495000,4950,1,0,0,steady_light
495100,4951,1,0,0,steady_light
495200,4952,1,0,0,steady_light
495300,4953,1,0,0,steady_light
495400,4954,1,0,0,steady_light
495500,4955,1,0,0,steady_light
495600,4956,1,0,0,steady_light
495700,4957,1,0,0,steady_light
495800,4958,1,0,0,steady_light
495900,4959,1,0,0,steady_light
496000,4960,1,0,0,steady_light
496100,4961,1,0,0,steady_light
496200,4962,1,0,0,steady_light
496300,4963,1,0,0,steady_light
496400,4964,1,0,0,steady_light
496500,4965,1,0,0,steady_light
496600,4966,1,0,0,steady_light
496700,4967,1,0,0,steady_light
496800,4968,1,0,0,steady_light
496900,4969,1,0,0,steady_light
497000,4970,1,0,0,steady_light
497100,4971,1,0,0,steady_light
497200,4972,1,0,0,steady_light
497300,4973,1,0,0,steady_light
497400,4974,1,0,0,steady_light
497500,4975,1,0,0,steady_light
497600,4976,1,0,0,steady_light
497700,4977,1,0,0,steady_light
497800,4978,1,0,0,steady_light
497900,4979,0,1,1,transition_light_to_dark
498000,4980,0,1,1,steady_dark
498100,4981,0,1,1,steady_dark
498200,4982,0,1,1,steady_dark
498300,4983,0,1,1,steady_dark
498400,4984,0,1,1,steady_dark
498500,4985,0,1,1,steady_dark
498600,4986,0,1,1,steady_dark
498700,4987,0,1,1,steady_dark
498800,4988,0,1,1,steady_dark
498900,4989,0,1,1,steady_dark
499000,4990,0,0,1,steady_dark
499100,4991,0,0,1,steady_dark
499200,4992,0,0,1,steady_dark
499300,4993,0,0,1,steady_dark
499400,4994,0,0,1,steady_dark
499500,4995,0,0,1,steady_dark
499600,4996,0,0,1,steady_dark
499700,4997,0,0,1,steady_dark
499800,4998,0,0,1,steady_dark
499900,4999,0,0,1,steady_dark
500000,5000,0,0,1,steady_dark
500100,5001,0,0,1,steady_dark
500200,5002,0,0,1,steady_dark
500300,5003,0,0,1,steady_dark
500400,5004,0,0,1,steady_dark
500500,5005,0,0,1,steady_dark
500600,5006,0,0,1,steady_dark
500700,5007,0,0,1,steady_dark
500800,5008,0,0,1,steady_dark
500900,5009,0,0,1,steady_dark
501000,5010,0,0,1,steady_dark
501100,5011,0,0,1,steady_dark
501200,5012,0,0,1,steady_dark
501300,5013,0,0,1,steady_dark
501400,5014,0,0,1,steady_dark
501500,5015,0,0,1,steady_dark
501600,5016,0,0,1,steady_dark
501700,5017,0,0,1,steady_dark
501800,5018,0,0,1,steady_dark
501900,5019,0,0,1,steady_dark
502000,5020,0,0,1,steady_dark
502100,5021,0,0,1,steady_dark
502200,5022,0,0,1,steady_dark
502300,5023,0,0,1,steady_dark
502400,5024,0,0,1,steady_dark
502500,5025,0,0,1,steady_dark
502600,5026,0,0,1,steady_dark
502700,5027,0,0,1,steady_dark
502800,5028,0,0,1,steady_dark
502900,5029,0,0,1,steady_dark
503000,5030,0,0,1,steady_dark
503100,5031,0,0,1,steady_dark
503200,5032,0,0,1,steady_dark
503300,5033,0,1,1,steady_dark
503400,5034,0,1,1,steady_dark
503500,5035,0,1,1,steady_dark
503600,5036,0,1,1,steady_dark
503700,5037,0,1,1,steady_dark
503800,5038,0,1,1,steady_dark
503900,5039,0,1,1,steady_dark
504000,5040,0,1,1,steady_dark
504100,5041,0,1,1,steady_dark
504200,5042,0,1,1,steady_dark
504300,5043,0,0,1,steady_dark
504400,5044,0,0,1,steady_dark
504500,5045,0,0,1,steady_dark
504600,5046,0,0,1,steady_dark
504700,5047,0,0,1,steady_dark
504800,5048,0,0,1,steady_dark
504900,5049,0,0,1,steady_dark
505000,5050,0,0,1,steady_dark
505100,5051,0,0,1,steady_dark
505200,5052,0,0,1,steady_dark
505300,5053,0,0,1,steady_dark
505400,5054,0,0,1,steady_dark
505500,5055,0,0,1,steady_dark
505600,5056,0,0,1,steady_dark
505700,5057,0,0,1,steady_dark
505800,5058,0,0,1,steady_dark
505900,5059,0,0,1,steady_dark
506000,5060,0,0,1,steady_dark
506100,5061,0,0,1,steady_dark
506200,5062,0,0,1,steady_dark
506300,5063,0,0,1,steady_dark
506400,5064,0,0,1,steady_dark
506500,5065,0,0,1,steady_dark
506600,5066,0,0,1,steady_dark
506700,5067,0,0,1,steady_dark
506800,5068,0,0,1,steady_dark
506900,5069,0,0,1,steady_dark
507000,5070,0,0,1,steady_dark
507100,5071,0,0,1,steady_dark
507200,5072,0,0,1,steady_dark
507300,5073,0,0,1,steady_dark
507400,5074,0,0,1,steady_dark
507500,5075,0,0,1,steady_dark
507600,5076,0,0,1,steady_dark
507700,5077,0,0,1,steady_dark
507800,5078,0,0,1,steady_dark
507900,5079,0,0,1,steady_dark
508000,5080,0,0,1,steady_dark
508100,5081,0,0,1,steady_dark
508200,5082,0,0,1,steady_dark
508300,5083,0,0,1,steady_dark
508400,5084,0,0,1,steady_dark
508500,5085,0,0,1,steady_dark
508600,5086,0,0,1,steady_dark
508700,5087,0,0,1,steady_dark
508800,5088,0,0,1,steady_dark
508900,5089,0,0,1,steady_dark
509000,5090,0,0,1,steady_dark
509100,5091,0,1,1,steady_dark
509200,5092,0,1,1,steady_dark
509300,5093,0,1,1,steady_dark
509400,5094,0,1,1,steady_dark
509500,5095,0,1,1,steady_dark
509600,5096,0,1,1,steady_dark
509700,5097,0,1,1,steady_dark
509800,5098,0,1,1,steady_dark
509900,5099,0,1,1,steady_dark
510000,5100,0,1,1,steady_dark
510100,5101,0,1,1,steady_dark
510200,5102,0,0,1,steady_dark
510300,5103,0,0,1,steady_dark
510400,5104,0,0,1,steady_dark
510500,5105,0,0,1,steady_dark
510600,5106,0,0,1,steady_dark
510700,5107,0,0,1,steady_dark
510800,5108,0,0,1,steady_dark
510900,5109,0,0,1,steady_dark
511000,5110,0,0,1,steady_dark
511100,5111,0,0,1,steady_dark
511200,5112,0,0,1,steady_dark
511300,5113,0,0,1,steady_dark
511400,5114,0,0,1,steady_dark
511500,5115,0,0,1,steady_dark
511600,5116,0,0,1,steady_dark
511700,5117,0,0,1,steady_dark
511800,5118,0,0,1,steady_dark
511900,5119,0,0,1,steady_dark
512000,5120,0,0,1,steady_dark
512100,5121,0,0,1,steady_dark
512200,5122,0,0,1,steady_dark
512300,5123,0,0,1,steady_dark
512400,5124,0,0,1,steady_dark
512500,5125,0,0,1,steady_dark
512600,5126,0,0,1,steady_dark
512700,5127,0,0,1,steady_dark
512800,5128,0,0,1,steady_dark
512900,5129,0,1,1,steady_dark
513000,5130,0,1,1,steady_dark
513100,5131,0,1,1,steady_dark
513200,5132,0,1,1,steady_dark
513300,5133,0,1,1,steady_dark
513400,5134,0,1,1,steady_dark
513500,5135,0,1,1,steady_dark
513600,5136,0,1,1,steady_dark
513700,5137,0,1,1,steady_dark
513800,5138,0,1,1,steady_dark
513900,5139,0,1,1,steady_dark
514000,5140,0,0,1,steady_dark
514100,5141,0,0,1,steady_dark
514200,5142,0,0,1,steady_dark
514300,5143,0,0,1,steady_dark
514400,5144,0,0,1,steady_dark
514500,5145,0,0,1,steady_dark
514600,5146,0,0,1,steady_dark
514700,5147,0,0,1,steady_dark
514800,5148,0,0,1,steady_dark
514900,5149,0,0,1,steady_dark
515000,5150,0,0,1,steady_dark
515100,5151,0,0,1,steady_dark
515200,5152,1,0,1,transition_dark_to_light
515300,5153,1,0,1,steady_light
515400,5154,1,0,1,steady_light
515500,5155,1,0,1,steady_light
515600,5156,1,0,1,steady_light
515700,5157,1,0,1,steady_light
515800,5158,1,0,1,steady_light
515900,5159,1,0,1,steady_light
516000,5160,1,0,1,steady_light
516100,5161,1,0,1,steady_light
516200,5162,1,0,1,steady_light
516300,5163,1,0,1,steady_light
516400,5164,1,0,1,steady_light
516500,5165,1,0,1,steady_light
516600,5166,1,0,1,steady_light
516700,5167,1,0,1,steady_light
516800,5168,1,0,1,steady_light
516900,5169,1,0,1,steady_light
517000,5170,1,0,1,steady_light
517100,5171,1,0,1,steady_light
517200,5172,1,0,0,steady_light
517300,5173,1,0,0,steady_light
517400,5174,1,0,0,steady_light
517500,5175,1,0,0,steady_light
517600,5176,1,0,0,steady_light
517700,5177,1,0,0,steady_light
517800,5178,1,0,0,steady_light
517900,5179,1,0,0,steady_light
518000,5180,1,0,0,steady_light
518100,5181,1,0,0,steady_light
518200,5182,1,0,0,steady_light
518300,5183,1,0,0,steady_light
518400,5184,1,0,0,steady_light
518500,5185,1,0,0,steady_light
518600,5186,1,0,0,steady_light
518700,5187,1,0,0,steady_light
518800,5188,1,0,0,steady_light
518900,5189,1,0,0,steady_light
519000,5190,1,0,0,steady_light
519100,5191,1,0,0,steady_light
519200,5192,1,0,0,steady_light
519300,5193,1,0,0,steady_light
519400,5194,1,0,0,steady_light
519500,5195,1,0,0,steady_light
519600,5196,1,0,0,steady_light
519700,5197,1,0,0,steady_light
519800,5198,1,0,0,steady_light
519900,5199,1,0,0,steady_light
520000,5200,1,0,0,steady_light
520100,5201,1,0,0,steady_light
520200,5202,1,0,0,steady_light
520300,5203,1,0,0,steady_light
520400,5204,1,0,0,steady_light
520500,5205,1,0,0,steady_light
520600,5206,1,0,0,steady_light
520700,5207,1,0,0,steady_light
520800,5208,1,0,0,steady_light
520900,5209,1,0,0,steady_light
521000,5210,1,0,0,steady_light
521100,5211,1,0,0,steady_light
521200,5212,1,0,0,steady_light
521300,5213,1,0,0,steady_light
521400,5214,1,0,0,steady_light
521500,5215,1,0,0,steady_light
521600,5216,1,0,0,steady_light
521700,5217,1,0,0,steady_light
521800,5218,1,0,0,steady_light
521900,5219,1,0,0,steady_light
522000,5220,1,0,0,steady_light
522100,5221,1,0,0,steady_light
522200,5222,1,0,0,steady_light
522300,5223,1,0,0,steady_light
522400,5224,1,0,0,steady_light
522500,5225,1,0,0,steady_light
522600,5226,1,0,0,steady_light
522700,5227,1,0,0,steady_light
522800,5228,1,0,0,steady_light
522900,5229,1,0,0,steady_light
523000,5230,1,0,0,steady_light
523100,5231,1,0,0,steady_light
523200,5232,1,0,0,steady_light
523300,5233,1,0,0,steady_light
523400,5234,1,0,0,steady_light
523500,5235,1,0,0,steady_light
523600,5236,1,0,0,steady_light
523700,5237,1,0,0,steady_light
523800,5238,1,0,0,steady_light
523900,5239,1,0,0,steady_light
524000,5240,1,0,0,steady_light
524100,5241,1,0,0,steady_light
524200,5242,1,0,0,steady_light
524300,5243,1,0,0,steady_light
524400,5244,1,0,0,steady_light
524500,5245,1,0,0,steady_light
524600,5246,1,0,0,steady_light
524700,5247,1,0,0,steady_light
524800,5248,1,0,0,steady_light
524900,5249,1,0,0,steady_light
525000,5250,1,0,0,steady_light
525100,5251,1,0,0,steady_light
525200,5252,1,0,0,steady_light
525300,5253,1,0,0,steady_light
525400,5254,1,0,0,steady_light
525500,5255,1,0,0,steady_light
525600,5256,1,0,0,steady_light
525700,5257,1,0,0,steady_light
525800,5258,1,0,0,steady_light
525900,5259,1,0,0,steady_light
526000,5260,1,0,0,steady_light
526100,5261,1,0,0,steady_light
526200,5262,1,0,0,steady_light
526300,5263,1,0,0,steady_light
526400,5264,1,0,0,steady_light
526500,5265,1,0,0,steady_light
526600,5266,1,0,0,steady_light
526700,5267,1,0,0,steady_light
526800,5268,1,0,0,steady_light
526900,5269,1,0,0,steady_light
527000,5270,1,0,0,steady_light
527100,5271,1,0,0,steady_light
527200,5272,1,0,0,steady_light
527300,5273,1,0,0,steady_light
527400,5274,1,0,0,steady_light
527500,5275,1,0,0,steady_light
527600,5276,1,0,0,steady_light
527700,5277,1,0,0,steady_light
527800,5278,1,0,0,steady_light
527900,5279,1,0,0,steady_light
528000,5280,1,0,0,steady_light
528100,5281,1,0,0,steady_light
528200,5282,1,0,0,steady_light
528300,5283,1,0,0,steady_light
528400,5284,1,0,0,steady_light
528500,5285,1,0,0,steady_light
528600,5286,1,0,0,steady_light
528700,5287,1,0,0,steady_light
528800,5288,1,0,0,steady_light
528900,5289,1,0,0,steady_light
529000,5290,1,0,0,steady_light
529100,5291,1,0,0,steady_light
529200,5292,1,0,0,steady_light
529300,5293,1,0,0,steady_light
529400,5294,1,0,0,steady_light
529500,5295,1,0,0,steady_light
529600,5296,1,0,0,steady_light
529700,5297,1,0,0,steady_light
529800,5298,1,0,0,steady_light
529900,5299,1,0,0,steady_light
530000,5300,1,0,0,steady_light
530100,5301,1,0,0,steady_light
530200,5302,1,0,0,steady_light
530300,5303,1,0,0,steady_light
530400,5304,1,0,0,steady_light
530500,5305,1,0,0,steady_light
530600,5306,1,0,0,steady_light
530700,5307,1,0,0,steady_light
530800,5308,1,0,0,steady_light
530900,5309,1,0,0,steady_light
531000,5310,1,0,0,steady_light
531100,5311,1,0,0,steady_light
531200,5312,1,0,0,steady_light
531300,5313,1,0,0,steady_light
531400,5314,1,0,0,steady_light
531500,5315,1,0,0,steady_light
531600,5316,1,0,0,steady_light
531700,5317,1,0,0,steady_light
531800,5318,1,0,0,steady_light
531900,5319,1,0,0,steady_light
532000,5320,1,0,0,steady_light
532100,5321,1,0,0,steady_light
532200,5322,1,0,0,steady_light
532300,5323,1,0,0,steady_light
532400,5324,1,0,0,steady_light
532500,5325,1,0,0,steady_light
532600,5326,1,0,0,steady_light
532700,5327,1,0,0,steady_light
532800,5328,1,0,0,steady_light
532900,5329,1,0,0,steady_light
533000,5330,1,0,0,steady_light
533100,5331,1,0,0,steady_light
533200,5332,1,0,0,steady_light
533300,5333,1,0,0,steady_light
533400,5334,1,0,0,steady_light
533500,5335,1,0,0,steady_light
533600,5336,1,0,0,steady_light
533700,5337,1,0,0,steady_light
533800,5338,1,0,0,steady_light
533900,5339,1,0,0,steady_light
534000,5340,1,0,0,steady_light
534100,5341,1,0,0,steady_light
534200,5342,1,0,0,steady_light
534300,5343,1,0,0,steady_light
534400,5344,1,0,0,steady_light
534500,5345,1,0,0,steady_light
534600,5346,1,0,0,steady_light
534700,5347,1,0,0,steady_light
534800,5348,1,0,0,steady_light
534900,5349,1,0,0,steady_light
535000,5350,1,0,0,steady_light
535100,5351,1,0,0,steady_light
535200,5352,1,0,0,steady_light
535300,5353,1,0,0,steady_light
535400,5354,1,0,0,steady_light
535500,5355,1,0,0,steady_light
535600,5356,1,0,0,steady_light
535700,5357,1,0,0,steady_light
535800,5358,1,0,0,steady_light
535900,5359,1,0,0,steady_light
536000,5360,1,0,0,steady_light
536100,5361,1,0,0,steady_light
536200,5362,1,0,0,steady_light
536300,5363,1,0,0,steady_light
536400,5364,1,0,0,steady_light
536500,5365,1,0,0,steady_light
536600,5366,1,0,0,steady_light
536700,5367,1,0,0,steady_light
536800,5368,1,0,0,steady_light
536900,5369,1,0,0,steady_light
537000,5370,1,0,0,steady_light
537100,5371,1,0,0,steady_light
537200,5372,1,0,0,steady_light
537300,5373,1,0,0,steady_light
537400,5374,1,0,0,steady_light
537500,5375,1,0,0,steady_light
537600,5376,1,0,0,steady_light
537700,5377,1,0,0,steady_light
537800,5378,1,0,0,steady_light
537900,5379,1,0,0,steady_light
538000,5380,1,0,0,steady_light
538100,5381,1,0,0,steady_light
538200,5382,1,0,0,steady_light
538300,5383,1,0,0,steady_light
538400,5384,1,0,0,steady_light
538500,5385,1,0,0,steady_light
538600,5386,1,0,0,steady_light
538700,5387,1,0,0,steady_light
538800,5388,1,0,0,steady_light
538900,5389,1,0,0,steady_light
539000,5390,1,0,0,steady_light
539100,5391,1,0,0,steady_light
539200,5392,1,0,0,steady_light
539300,5393,1,0,0,steady_light
539400,5394,1,0,0,steady_light
539500,5395,1,0,0,steady_light
539600,5396,1,0,0,steady_light
539700,5397,1,0,0,steady_light
539800,5398,1,0,0,steady_light
539900,5399,1,0,0,steady_light
540000,5400,1,0,0,steady_light
540100,5401,1,0,0,steady_light
540200,5402,1,0,0,steady_light
540300,5403,1,0,0,steady_light
540400,5404,1,0,0,steady_light
540500,5405,1,0,0,steady_light
540600,5406,1,0,0,steady_light
540700,5407,1,0,0,steady_light
540800,5408,1,0,0,steady_light
540900,5409,1,0,0,steady_light
541000,5410,1,0,0,steady_light
541100,5411,1,0,0,steady_light
541200,5412,1,0,0,steady_light
541300,5413,1,0,0,steady_light
541400,5414,1,0,0,steady_light
541500,5415,1,0,0,steady_light
541600,5416,1,0,0,steady_light
541700,5417,1,0,0,steady_light
541800,5418,1,0,0,steady_light
541900,5419,1,0,0,steady_light
542000,5420,1,0,0,steady_light
542100,5421,1,0,0,steady_light
542200,5422,1,0,0,steady_light
542300,5423,1,0,0,steady_light
542400,5424,1,0,0,steady_light
542500,5425,1,0,0,steady_light
542600,5426,1,0,0,steady_light
542700,5427,1,0,0,steady_light
542800,5428,1,0,0,steady_light
542900,5429,1,0,0,steady_light
543000,5430,1,0,0,steady_light
543100,5431,1,0,0,steady_light
543200,5432,1,0,0,steady_light
543300,5433,1,0,0,steady_light
543400,5434,1,0,0,steady_light
543500,5435,1,0,0,steady_light
543600,5436,1,0,0,steady_light
543700,5437,1,0,0,steady_light
543800,5438,1,0,0,steady_light
543900,5439,1,0,0,steady_light
544000,5440,1,0,0,steady_light
544100,5441,1,0,0,steady_light
544200,5442,1,0,0,steady_light
544300,5443,1,0,0,steady_light
544400,5444,1,0,0,steady_light
544500,5445,1,0,0,steady_light
544600,5446,1,0,0,steady_light
544700,5447,1,0,0,steady_light
544800,5448,1,0,0,steady_light
544900,5449,1,0,0,steady_light
545000,5450,1,0,0,steady_light
545100,5451,1,0,0,steady_light
545200,5452,1,0,0,steady_light
545300,5453,1,0,0,steady_light
545400,5454,1,0,0,steady_light
545500,5455,1,0,0,steady_light
545600,5456,1,0,0,steady_light
545700,5457,1,0,0,steady_light
545800,5458,1,0,0,steady_light
545900,5459,1,0,0,steady_light
546000,5460,1,0,0,steady_light
546100,5461,1,0,0,steady_light
546200,5462,1,0,0,steady_light
546300,5463,1,0,0,steady_light
546400,5464,1,0,0,steady_light
546500,5465,1,0,0,steady_light
546600,5466,1,0,0,steady_light
546700,5467,1,0,0,steady_light
546800,5468,1,0,0,steady_light
546900,5469,1,0,0,steady_light
547000,5470,1,0,0,steady_light
547100,5471,1,0,0,steady_light
547200,5472,1,0,0,steady_light
547300,5473,1,0,0,steady_light
547400,5474,1,0,0,steady_light
547500,5475,1,0,0,steady_light
547600,5476,1,0,0,steady_light
547700,5477,1,0,0,steady_light
547800,5478,1,0,0,steady_light
547900,5479,1,0,0,steady_light
548000,5480,1,0,0,steady_light
548100,5481,1,0,0,steady_light
548200,5482,1,0,0,steady_light
548300,5483,1,0,0,steady_light
548400,5484,1,0,0,steady_light
548500,5485,1,0,0,steady_light
548600,5486,1,0,0,steady_light
548700,5487,1,0,0,steady_light
548800,5488,1,0,0,steady_light
548900,5489,1,0,0,steady_light
549000,5490,1,0,0,steady_light
549100,5491,1,0,0,steady_light
549200,5492,1,0,0,steady_light
549300,5493,1,0,0,steady_light
549400,5494,1,0,0,steady_light
549500,5495,1,0,0,steady_light
549600,5496,1,0,0,steady_light
549700,5497,1,0,0,steady_light
549800,5498,1,0,0,steady_light
549900,5499,1,0,0,steady_light
550000,5500,1,0,0,steady_light
550100,5501,1,0,0,steady_light
550200,5502,1,0,0,steady_light
550300,5503,1,0,0,steady_light
550400,5504,1,0,0,steady_light
550500,5505,1,0,0,steady_light
550600,5506,1,0,0,steady_light
550700,5507,1,0,0,steady_light
550800,5508,1,0,0,steady_light
550900,5509,1,0,0,steady_light
551000,5510,1,0,0,steady_light
551100,5511,1,0,0,steady_light
551200,5512,1,0,0,steady_light
551300,5513,1,0,0,steady_light
551400,5514,1,0,0,steady_light
551500,5515,1,0,0,steady_light
551600,5516,1,0,0,steady_light
551700,5517,1,0,0,steady_light
551800,5518,1,0,0,steady_light
551900,5519,1,0,0,steady_light
552000,5520,1,0,0,steady_light
552100,5521,1,0,0,steady_light
552200,5522,1,0,0,steady_light
552300,5523,1,0,0,steady_light
552400,5524,1,0,0,steady_light
552500,5525,1,0,0,steady_light
552600,5526,1,0,0,steady_light
552700,5527,1,0,0,steady_light
552800,5528,1,0,0,steady_light
552900,5529,1,0,0,steady_light
553000,5530,1,0,0,steady_light
553100,5531,1,0,0,steady_light
553200,5532,1,0,0,steady_light
553300,5533,1,0,0,steady_light
553400,5534,1,0,0,steady_light
553500,5535,1,0,0,steady_light
553600,5536,1,0,0,steady_light
553700,5537,1,0,0,steady_light
553800,5538,1,0,0,steady_light
553900,5539,1,0,0,steady_light
554000,5540,1,0,0,steady_light
554100,5541,1,0,0,steady_light
554200,5542,1,0,0,steady_light
554300,5543,1,0,0,steady_light
554400,5544,1,0,0,steady_light
554500,5545,1,0,0,steady_light
554600,5546,1,0,0,steady_light
554700,5547,1,0,0,steady_light
554800,5548,1,0,0,steady_light
554900,5549,1,0,0,steady_light
555000,5550,1,0,0,steady_light
555100,5551,1,0,0,steady_light
555200,5552,1,0,0,steady_light
555300,5553,1,0,0,steady_light
555400,5554,1,0,0,steady_light
555500,5555,1,0,0,steady_light
555600,5556,1,0,0,steady_light
555700,5557,1,0,0,steady_light
555800,5558,1,0,0,steady_light
555900,5559,1,0,0,steady_light
556000,5560,1,0,0,steady_light
556100,5561,1,0,0,steady_light
556200,5562,1,0,0,steady_light
556300,5563,1,0,0,steady_light
556400,5564,1,0,0,steady_light
556500,5565,1,0,0,steady_light
556600,5566,1,0,0,steady_light
556700,5567,1,0,0,steady_light
556800,5568,1,0,0,steady_light
556900,5569,1,0,0,steady_light
557000,5570,1,0,0,steady_light
557100,5571,1,0,0,steady_light
557200,5572,1,0,0,steady_light
557300,5573,1,0,0,steady_light
557400,5574,1,0,0,steady_light
557500,5575,1,0,0,steady_light
557600,5576,1,0,0,steady_light
557700,5577,1,0,0,steady_light
557800,5578,1,0,0,steady_light
557900,5579,1,0,0,steady_light
558000,5580,1,0,0,steady_light
558100,5581,1,0,0,steady_light
558200,5582,1,0,0,steady_light
558300,5583,1,0,0,steady_light
558400,5584,1,0,0,steady_light
558500,5585,1,0,0,steady_light
558600,5586,1,0,0,steady_light
558700,5587,1,0,0,steady_light
558800,5588,1,0,0,steady_light
558900,5589,1,0,0,steady_light
559000,5590,1,0,0,steady_light
559100,5591,1,0,0,steady_light
559200,5592,1,0,0,steady_light
559300,5593,1,0,0,steady_light
559400,5594,1,0,0,steady_light
559500,5595,1,0,0,steady_light
559600,5596,1,0,0,steady_light
559700,5597,1,0,0,steady_light
559800,5598,1,0,0,steady_light
559900,5599,1,0,0,steady_light
560000,5600,1,0,0,steady_light
560100,5601,1,0,0,steady_light
560200,5602,1,0,0,steady_light
560300,5603,1,0,0,steady_light
560400,5604,1,0,0,steady_light
560500,5605,1,0,0,steady_light
560600,5606,1,0,0,steady_light
560700,5607,1,0,0,steady_light
560800,5608,1,0,0,steady_light
560900,5609,1,0,0,steady_light
561000,5610,1,0,0,steady_light
561100,5611,1,0,0,steady_light
561200,5612,1,0,0,steady_light
561300,5613,1,0,0,steady_light
561400,5614,1,0,0,steady_light
561500,5615,1,0,0,steady_light
561600,5616,1,0,0,steady_light
561700,5617,1,0,0,steady_light
561800,5618,1,0,0,steady_light
561900,5619,1,0,0,steady_light
562000,5620,1,0,0,steady_light
562100,5621,1,0,0,steady_light
562200,5622,1,0,0,steady_light
562300,5623,1,0,0,steady_light
562400,5624,1,0,0,steady_light
562500,5625,1,0,0,steady_light
562600,5626,1,0,0,steady_light
562700,5627,1,0,0,steady_light
562800,5628,1,0,0,steady_light
562900,5629,1,0,0,steady_light
563000,5630,1,0,0,steady_light
563100,5631,1,0,0,steady_light
563200,5632,1,0,0,steady_light
563300,5633,1,0,0,steady_light
563400,5634,1,0,0,steady_light
563500,5635,1,0,0,steady_light
563600,5636,1,0,0,steady_light
563700,5637,1,0,0,steady_light
563800,5638,1,0,0,steady_light
563900,5639,1,0,0,steady_light
564000,5640,1,0,0,steady_light
564100,5641,1,0,0,steady_light
564200,5642,1,0,0,steady_light
564300,5643,1,0,0,steady_light
564400,5644,1,0,0,steady_light
564500,5645,1,0,0,steady_light
564600,5646,1,0,0,steady_light
564700,5647,1,0,0,steady_light
564800,5648,1,0,0,steady_light
564900,5649,1,0,0,steady_light
565000,5650,1,0,0,steady_light
565100,5651,1,0,0,steady_light
565200,5652,1,0,0,steady_light
565300,5653,1,0,0,steady_light
565400,5654,1,0,0,steady_light
565500,5655,1,0,0,steady_light
565600,5656,1,0,0,steady_light
565700,5657,1,0,0,steady_light
565800,5658,1,0,0,steady_light
565900,5659,1,0,0,steady_light
566000,5660,1,0,0,steady_light
566100,5661,1,0,0,steady_light
566200,5662,1,0,0,steady_light
566300,5663,1,0,0,steady_light
566400,5664,1,0,0,steady_light
566500,5665,1,0,0,steady_light
566600,5666,1,0,0,steady_light
566700,5667,1,0,0,steady_light
566800,5668,1,0,0,steady_light
566900,5669,1,0,0,steady_light
567000,5670,1,0,0,steady_light
567100,5671,1,0,0,steady_light
567200,5672,1,0,0,steady_light
567300,5673,1,0,0,steady_light
567400,5674,1,0,0,steady_light
567500,5675,1,0,0,steady_light
567600,5676,1,0,0,steady_light
567700,5677,1,0,0,steady_light
567800,5678,1,0,0,steady_light
567900,5679,1,0,0,steady_light
568000,5680,1,0,0,steady_light
568100,5681,1,0,0,steady_light
568200,5682,1,0,0,steady_light
568300,5683,1,0,0,steady_light
568400,5684,1,0,0,steady_light
568500,5685,1,0,0,steady_light
568600,5686,1,0,0,steady_light
568700,5687,0,1,1,transition_light_to_dark
568800,5688,0,1,1,steady_dark
568900,5689,0,1,1,steady_dark
569000,5690,0,1,1,steady_dark
569100,5691,0,1,1,steady_dark
569200,5692,0,1,1,steady_dark
569300,5693,0,1,1,steady_dark
569400,5694,0,1,1,steady_dark
569500,5695,0,1,1,steady_dark
569600,5696,0,1,1,steady_dark
569700,5697,0,0,1,steady_dark
569800,5698,0,0,1,steady_dark
569900,5699,0,0,1,steady_dark
570000,5700,0,0,1,steady_dark
570100,5701,0,0,1,steady_dark
570200,5702,0,0,1,steady_dark
570300,5703,0,0,1,steady_dark
570400,5704,0,0,1,steady_dark
570500,5705,0,0,1,steady_dark
570600,5706,0,0,1,steady_dark
570700,5707,0,0,1,steady_dark
570800,5708,0,0,1,steady_dark
570900,5709,0,0,1,steady_dark
571000,5710,0,0,1,steady_dark
571100,5711,0,0,1,steady_dark
571200,5712,0,0,1,steady_dark
571300,5713,0,0,1,steady_dark
571400,5714,0,0,1,steady_dark
571500,5715,0,0,1,steady_dark
571600,5716,0,0,1,steady_dark
571700,5717,0,0,1,steady_dark
571800,5718,0,0,1,steady_dark
571900,5719,0,0,1,steady_dark
572000,5720,0,0,1,steady_dark
572100,5721,0,0,1,steady_dark
572200,5722,0,0,1,steady_dark
572300,5723,0,1,1,steady_dark
572400,5724,0,1,1,steady_dark
572500,5725,0,1,1,steady_dark
572600,5726,0,1,1,steady_dark
572700,5727,0,1,1,steady_dark
572800,5728,0,1,1,steady_dark
572900,5729,0,1,1,steady_dark
573000,5730,0,1,1,steady_dark
573100,5731,0,1,1,steady_dark
573200,5732,0,1,1,steady_dark
573300,5733,0,1,1,steady_dark
573400,5734,0,0,1,steady_dark
573500,5735,0,0,1,steady_dark
573600,5736,0,0,1,steady_dark
573700,5737,0,0,1,steady_dark
573800,5738,0,0,1,steady_dark
573900,5739,0,0,1,steady_dark
574000,5740,0,0,1,steady_dark
574100,5741,0,0,1,steady_dark
574200,5742,0,0,1,steady_dark
574300,5743,0,0,1,steady_dark
574400,5744,0,0,1,steady_dark
574500,5745,0,0,1,steady_dark
574600,5746,0,0,1,steady_dark
574700,5747,0,0,1,steady_dark
574800,5748,0,0,1,steady_dark
574900,5749,0,0,1,steady_dark
575000,5750,0,0,1,steady_dark
575100,5751,0,0,1,steady_dark
575200,5752,0,0,1,steady_dark
575300,5753,0,0,1,steady_dark
575400,5754,0,0,1,steady_dark
575500,5755,0,0,1,steady_dark
575600,5756,0,0,1,steady_dark
575700,5757,0,0,1,steady_dark
575800,5758,0,0,1,steady_dark
575900,5759,0,0,1,steady_dark
576000,5760,0,0,1,steady_dark
576100,5761,0,0,1,steady_dark
576200,5762,0,0,1,steady_dark
576300,5763,0,0,1,steady_dark
576400,5764,0,0,1,steady_dark
576500,5765,0,0,1,steady_dark
576600,5766,0,0,1,steady_dark
576700,5767,0,0,1,steady_dark
576800,5768,0,0,1,steady_dark
576900,5769,0,1,1,steady_dark
577000,5770,0,1,1,steady_dark
577100,5771,0,1,1,steady_dark
577200,5772,0,1,1,steady_dark
577300,5773,0,1,1,steady_dark
577400,5774,0,1,1,steady_dark
577500,5775,0,1,1,steady_dark
577600,5776,0,1,1,steady_dark
577700,5777,0,1,1,steady_dark
577800,5778,0,1,1,steady_dark
577900,5779,0,1,1,steady_dark
578000,5780,0,0,1,steady_dark
578100,5781,0,0,1,steady_dark
578200,5782,0,0,1,steady_dark
578300,5783,0,0,1,steady_dark
578400,5784,0,0,1,steady_dark
578500,5785,0,0,1,steady_dark
578600,5786,0,0,1,steady_dark
578700,5787,0,0,1,steady_dark
578800,5788,0,0,1,steady_dark
578900,5789,0,0,1,steady_dark
579000,5790,0,0,1,steady_dark
579100,5791,0,0,1,steady_dark
579200,5792,0,0,1,steady_dark
579300,5793,0,0,1,steady_dark
579400,5794,0,0,1,steady_dark
579500,5795,0,0,1,steady_dark
579600,5796,0,0,1,steady_dark
579700,5797,0,0,1,steady_dark
579800,5798,0,0,1,steady_dark
579900,5799,0,0,1,steady_dark
580000,5800,0,0,1,steady_dark
580100,5801,0,0,1,steady_dark
580200,5802,0,0,1,steady_dark
580300,5803,0,0,1,steady_dark
580400,5804,0,0,1,steady_dark
580500,5805,0,0,1,steady_dark
580600,5806,0,0,1,steady_dark
580700,5807,0,0,1,steady_dark
580800,5808,0,0,1,steady_dark
580900,5809,0,0,1,steady_dark
581000,5810,0,0,1,steady_dark
581100,5811,0,0,1,steady_dark
581200,5812,0,0,1,steady_dark
581300,5813,0,0,1,steady_dark
581400,5814,0,0,1,steady_dark
581500,5815,0,0,1,steady_dark
581600,5816,0,0,1,steady_dark
581700,5817,0,0,1,steady_dark
581800,5818,0,0,1,steady_dark
581900,5819,0,0,1,steady_dark
582000,5820,0,0,1,steady_dark
582100,5821,0,0,1,steady_dark
582200,5822,0,0,1,steady_dark
582300,5823,0,0,1,steady_dark
582400,5824,0,1,1,steady_dark
582500,5825,0,1,1,steady_dark
582600,5826,0,1,1,steady_dark
582700,5827,0,1,1,steady_dark
582800,5828,0,1,1,steady_dark
582900,5829,0,1,1,steady_dark
583000,5830,0,1,1,steady_dark
583100,5831,0,1,1,steady_dark
583200,5832,0,1,1,steady_dark
583300,5833,0,1,1,steady_dark
583400,5834,0,1,1,steady_dark
583500,5835,0,0,1,steady_dark
583600,5836,0,0,1,steady_dark
583700,5837,0,0,1,steady_dark
583800,5838,0,0,1,steady_dark
583900,5839,0,0,1,steady_dark
584000,5840,0,0,1,steady_dark
584100,5841,0,0,1,steady_dark
584200,5842,0,0,1,steady_dark
584300,5843,0,0,1,steady_dark
584400,5844,0,0,1,steady_dark
584500,5845,0,0,1,steady_dark
584600,5846,0,0,1,steady_dark
584700,5847,0,0,1,steady_dark
584800,5848,0,0,1,steady_dark
584900,5849,0,0,1,steady_dark
585000,5850,0,0,1,steady_dark
585100,5851,0,0,1,steady_dark
585200,5852,0,0,1,steady_dark
585300,5853,0,0,1,steady_dark
585400,5854,0,0,1,steady_dark
585500,5855,0,0,1,steady_dark
585600,5856,0,0,1,steady_dark
585700,5857,0,0,1,steady_dark
585800,5858,0,0,1,steady_dark
585900,5859,0,0,1,steady_dark
586000,5860,0,0,1,steady_dark
586100,5861,0,0,1,steady_dark
586200,5862,0,0,1,steady_dark
586300,5863,0,0,1,steady_dark
586400,5864,0,0,1,steady_dark
586500,5865,0,0,1,steady_dark
586600,5866,0,0,1,steady_dark
586700,5867,0,0,1,steady_dark
586800,5868,0,0,1,steady_dark
586900,5869,0,0,1,steady_dark
587000,5870,0,0,1,steady_dark
587100,5871,0,0,1,steady_dark
587200,5872,0,0,1,steady_dark
587300,5873,0,0,1,steady_dark
587400,5874,0,0,1,steady_dark
587500,5875,0,0,1,steady_dark
587600,5876,0,0,1,steady_dark
587700,5877,0,0,1,steady_dark
587800,5878,0,0,1,steady_dark
587900,5879,0,0,1,steady_dark
588000,5880,0,0,1,steady_dark
588100,5881,0,0,1,steady_dark
588200,5882,0,0,1,steady_dark
588300,5883,0,0,1,steady_dark
588400,5884,0,1,1,steady_dark
588500,5885,0,1,1,steady_dark
588600,5886,0,1,1,steady_dark
588700,5887,0,1,1,steady_dark
588800,5888,0,1,1,steady_dark
588900,5889,0,1,1,steady_dark
589000,5890,0,1,1,steady_dark
589100,5891,0,1,1,steady_dark
589200,5892,0,1,1,steady_dark
589300,5893,0,1,1,steady_dark
589400,5894,0,0,1,steady_dark
589500,5895,0,0,1,steady_dark
589600,5896,0,0,1,steady_dark
589700,5897,0,0,1,steady_dark
589800,5898,0,0,1,steady_dark
589900,5899,0,0,1,steady_dark
590000,5900,0,0,1,steady_dark
590100,5901,0,0,1,steady_dark
590200,5902,0,0,1,steady_dark
590300,5903,0,0,1,steady_dark
590400,5904,0,0,1,steady_dark
590500,5905,0,0,1,steady_dark
590600,5906,0,0,1,steady_dark
590700,5907,0,0,1,steady_dark
590800,5908,0,0,1,steady_dark
590900,5909,0,0,1,steady_dark
591000,5910,0,0,1,steady_dark
591100,5911,0,0,1,steady_dark
591200,5912,0,0,1,steady_dark
591300,5913,0,0,1,steady_dark
591400,5914,0,0,1,steady_dark
591500,5915,0,0,1,steady_dark
591600,5916,0,0,1,steady_dark
591700,5917,0,0,1,steady_dark
591800,5918,0,0,1,steady_dark
591900,5919,0,0,1,steady_dark
592000,5920,0,0,1,steady_dark
592100,5921,0,0,1,steady_dark
592200,5922,0,0,1,steady_dark
592300,5923,0,0,1,steady_dark
592400,5924,0,0,1,steady_dark
592500,5925,0,0,1,steady_dark
592600,5926,0,0,1,steady_dark
592700,5927,0,0,1,steady_dark
592800,5928,0,0,1,steady_dark
592900,5929,0,0,1,steady_dark
593000,5930,0,0,1,steady_dark
593100,5931,0,0,1,steady_dark
593200,5932,0,0,1,steady_dark
593300,5933,0,0,1,steady_dark
593400,5934,0,0,1,steady_dark
593500,5935,0,0,1,steady_dark
593600,5936,0,0,1,steady_dark
593700,5937,0,0,1,steady_dark
593800,5938,0,0,1,steady_dark
593900,5939,0,0,1,steady_dark
594000,5940,0,0,1,steady_dark
594100,5941,0,1,1,steady_dark
594200,5942,0,1,1,steady_dark
594300,5943,0,1,1,steady_dark
594400,5944,0,1,1,steady_dark
594500,5945,0,1,1,steady_dark
594600,5946,0,1,1,steady_dark
594700,5947,0,1,1,steady_dark
594800,5948,0,1,1,steady_dark
594900,5949,0,1,1,steady_dark
595000,5950,0,1,1,steady_dark
595100,5951,0,0,1,steady_dark
595200,5952,0,0,1,steady_dark
595300,5953,0,0,1,steady_dark
595400,5954,0,0,1,steady_dark
595500,5955,0,0,1,steady_dark
595600,5956,1,0,1,transition_dark_to_light
595700,5957,1,0,1,steady_light
595800,5958,1,0,1,steady_light
595900,5959,1,0,1,steady_light
596000,5960,1,0,1,steady_light
596100,5961,1,0,1,steady_light
596200,5962,1,0,1,steady_light
596300,5963,1,0,1,steady_light
596400,5964,1,0,1,steady_light
596500,5965,1,0,1,steady_light
596600,5966,1,0,1,steady_light
596700,5967,1,0,1,steady_light
596800,5968,1,0,1,steady_light
596900,5969,1,0,1,steady_light
597000,5970,1,0,1,steady_light
597100,5971,1,0,1,steady_light
597200,5972,1,0,1,steady_light
597300,5973,1,0,0,steady_light
597400,5974,1,0,0,steady_light
597500,5975,1,0,0,steady_light
597600,5976,1,0,0,steady_light
597700,5977,1,0,0,steady_light
597800,5978,1,0,0,steady_light
597900,5979,1,0,0,steady_light
598000,5980,1,0,0,steady_light
598100,5981,1,0,0,steady_light
598200,5982,1,0,0,steady_light
598300,5983,1,0,0,steady_light
598400,5984,1,0,0,steady_light
598500,5985,1,0,0,steady_light
598600,5986,1,0,0,steady_light
598700,5987,1,0,0,steady_light
598800,5988,1,0,0,steady_light
598900,5989,1,0,0,steady_light
599000,5990,1,0,0,steady_light
599100,5991,1,0,0,steady_light
599200,5992,1,0,0,steady_light
599300,5993,1,0,0,steady_light
599400,5994,1,0,0,steady_light
599500,5995,1,0,0,steady_light
599600,5996,1,0,0,steady_light
599700,5997,1,0,0,steady_light
599800,5998,1,0,0,steady_light
599900,5999,0,1,1,transition_light_to_dark
600000,6000,0,1,1,steady_dark
600100,6001,1,1,1,transition_dark_to_light
600200,6002,1,1,1,steady_light
600300,6003,1,1,1,steady_light
600400,6004,1,1,1,steady_light
600500,6005,1,1,1,steady_light
600600,6006,1,1,1,steady_light
600700,6007,1,1,1,steady_light
600800,6008,1,1,1,steady_light
600900,6009,1,0,1,steady_light
601000,6010,1,0,1,steady_light
601100,6011,1,0,1,steady_light
601200,6012,1,0,1,steady_light
601300,6013,1,0,1,steady_light
601400,6014,1,0,1,steady_light
601500,6015,1,0,1,steady_light
601600,6016,1,0,1,steady_light
601700,6017,1,0,1,steady_light
601800,6018,1,0,1,steady_light
601900,6019,1,0,1,steady_light
602000,6020,1,0,1,steady_light
602100,6021,1,0,1,steady_light
602200,6022,1,0,1,steady_light
602300,6023,1,0,1,steady_light
602400,6024,1,0,1,steady_light
602500,6025,1,0,1,steady_light
602600,6026,1,0,1,steady_light
602700,6027,1,0,1,steady_light
602800,6028,1,0,1,steady_light
602900,6029,1,0,1,steady_light
603000,6030,1,0,1,steady_light
603100,6031,1,0,1,steady_light
603200,6032,1,0,1,steady_light
603300,6033,1,0,1,steady_light
603400,6034,1,0,1,steady_light
603500,6035,1,0,1,steady_light
603600,6036,1,0,1,steady_light
603700,6037,1,0,1,steady_light
603800,6038,1,0,1,steady_light
603900,6039,1,0,1,steady_light
604000,6040,1,0,1,steady_light
604100,6041,1,0,1,steady_light
604200,6042,1,0,1,steady_light
604300,6043,1,0,1,steady_light
604400,6044,1,0,1,steady_light
604500,6045,1,0,1,steady_light
604600,6046,1,0,1,steady_light
604700,6047,1,0,1,steady_light
604800,6048,1,0,1,steady_light
604900,6049,1,0,1,steady_light
605000,6050,1,0,1,steady_light
605100,6051,1,0,1,steady_light
605200,6052,1,0,1,steady_light
605300,6053,1,0,1,steady_light
605400,6054,1,0,1,steady_light
605500,6055,1,0,1,steady_light
605600,6056,1,0,1,steady_light
605700,6057,1,0,1,steady_light
605800,6058,1,0,1,steady_light
605900,6059,1,0,0,steady_light
606000,6060,1,0,0,steady_light
606100,6061,0,1,1,transition_light_to_dark
606200,6062,0,1,1,steady_dark
606300,6063,0,1,1,steady_dark
606400,6064,0,1,1,steady_dark
606500,6065,0,1,1,steady_dark
606600,6066,0,1,1,steady_dark
606700,6067,0,1,1,steady_dark
606800,6068,0,1,1,steady_dark
606900,6069,0,1,1,steady_dark
607000,6070,0,1,1,steady_dark
607100,6071,0,1,1,steady_dark
607200,6072,0,0,1,steady_dark
607300,6073,0,0,1,steady_dark
607400,6074,0,0,1,steady_dark
607500,6075,0,0,1,steady_dark
607600,6076,0,0,1,steady_dark
607700,6077,0,0,1,steady_dark
607800,6078,0,0,1,steady_dark
607900,6079,0,0,1,steady_dark
608000,6080,0,0,1,steady_dark
608100,6081,0,0,1,steady_dark
608200,6082,0,0,1,steady_dark
608300,6083,0,0,1,steady_dark
608400,6084,0,0,1,steady_dark
608500,6085,0,0,1,steady_dark
608600,6086,0,0,1,steady_dark
608700,6087,0,0,1,steady_dark
608800,6088,0,0,1,steady_dark
608900,6089,0,0,1,steady_dark
609000,6090,0,0,1,steady_dark
609100,6091,0,0,1,steady_dark
609200,6092,0,0,1,steady_dark
609300,6093,0,0,1,steady_dark
609400,6094,0,0,1,steady_dark
609500,6095,0,0,1,steady_dark
609600,6096,0,0,1,steady_dark
609700,6097,0,0,1,steady_dark
609800,6098,0,0,1,steady_dark
609900,6099,0,1,1,steady_dark
610000,6100,0,1,1,steady_dark
610100,6101,0,1,1,steady_dark
610200,6102,0,1,1,steady_dark
610300,6103,0,1,1,steady_dark
610400,6104,0,1,1,steady_dark
610500,6105,0,1,1,steady_dark
610600,6106,0,1,1,steady_dark
610700,6107,0,1,1,steady_dark
610800,6108,0,1,1,steady_dark
610900,6109,0,0,1,steady_dark
611000,6110,0,0,1,steady_dark
611100,6111,0,0,1,steady_dark
611200,6112,0,0,1,steady_dark
611300,6113,0,0,1,steady_dark
611400,6114,0,0,1,steady_dark
611500,6115,0,0,1,steady_dark
611600,6116,0,0,1,steady_dark
611700,6117,0,0,1,steady_dark
611800,6118,0,0,1,steady_dark
611900,6119,0,0,1,steady_dark
612000,6120,0,0,1,steady_dark
612100,6121,1,0,1,transition_dark_to_light
612200,6122,1,0,1,steady_light
612300,6123,1,0,1,steady_light
612400,6124,1,0,1,steady_light
612500,6125,1,0,1,steady_light
612600,6126,1,0,1,steady_light
612700,6127,1,0,1,steady_light
612800,6128,1,0,1,steady_light
612900,6129,1,0,1,steady_light
613000,6130,1,0,1,steady_light
613100,6131,1,0,1,steady_light
613200,6132,1,0,1,steady_light
613300,6133,1,0,1,steady_light
613400,6134,1,0,1,steady_light
613500,6135,1,0,1,steady_light
613600,6136,1,0,1,steady_light
613700,6137,1,0,1,steady_light
613800,6138,1,0,1,steady_light
613900,6139,1,0,1,steady_light
614000,6140,1,0,1,steady_light
614100,6141,1,0,1,steady_light
614200,6142,1,0,1,steady_light
614300,6143,1,0,1,steady_light
614400,6144,1,0,1,steady_light
614500,6145,1,0,1,steady_light
614600,6146,1,0,0,steady_light
614700,6147,1,0,0,steady_light
614800,6148,1,0,0,steady_light
614900,6149,1,0,0,steady_light
615000,6150,1,0,0,steady_light
615100,6151,1,0,0,steady_light
615200,6152,1,0,0,steady_light
615300,6153,1,0,0,steady_light
615400,6154,1,0,0,steady_light
615500,6155,1,0,0,steady_light
615600,6156,1,0,0,steady_light
615700,6157,1,0,0,steady_light
615800,6158,1,0,0,steady_light
615900,6159,1,0,0,steady_light
616000,6160,1,0,0,steady_light
616100,6161,1,0,0,steady_light
616200,6162,1,0,0,steady_light
616300,6163,1,0,0,steady_light
616400,6164,1,0,0,steady_light
616500,6165,1,0,0,steady_light
616600,6166,1,0,0,steady_light
616700,6167,1,0,0,steady_light
616800,6168,1,0,0,steady_light
616900,6169,1,0,0,steady_light
617000,6170,0,1,1,transition_light_to_dark
617100,6171,0,1,1,steady_dark
617200,6172,0,1,1,steady_dark
617300,6173,0,1,1,steady_dark
617400,6174,0,1,1,steady_dark
617500,6175,0,1,1,steady_dark
617600,6176,0,1,1,steady_dark
617700,6177,0,1,1,steady_dark
617800,6178,0,1,1,steady_dark
617900,6179,0,1,1,steady_dark
618000,6180,0,1,1,steady_dark
618100,6181,0,0,1,steady_dark
618200,6182,0,0,1,steady_dark
618300,6183,0,0,1,steady_dark
618400,6184,0,0,1,steady_dark
618500,6185,0,0,1,steady_dark
618600,6186,0,0,1,steady_dark
618700,6187,0,0,1,steady_dark
618800,6188,0,0,1,steady_dark
618900,6189,0,0,1,steady_dark
619000,6190,0,0,1,steady_dark
619100,6191,0,0,1,steady_dark
619200,6192,0,0,1,steady_dark
619300,6193,0,0,1,steady_dark
619400,6194,0,0,1,steady_dark
619500,6195,0,0,1,steady_dark
619600,6196,0,0,1,steady_dark
619700,6197,0,0,1,steady_dark
619800,6198,0,0,1,steady_dark
619900,6199,0,0,1,steady_dark
620000,6200,0,0,1,steady_dark
620100,6201,0,0,1,steady_dark
620200,6202,0,0,1,steady_dark
620300,6203,0,0,1,steady_dark
620400,6204,0,0,1,steady_dark
620500,6205,0,0,1,steady_dark
620600,6206,0,0,1,steady_dark
620700,6207,0,0,1,steady_dark
620800,6208,0,1,1,steady_dark
620900,6209,0,1,1,steady_dark
621000,6210,0,1,1,steady_dark
621100,6211,0,1,1,steady_dark
621200,6212,0,1,1,steady_dark
621300,6213,0,1,1,steady_dark
621400,6214,0,1,1,steady_dark
621500,6215,0,1,1,steady_dark
621600,6216,0,1,1,steady_dark
621700,6217,0,1,1,steady_dark
621800,6218,0,1,1,steady_dark
621900,6219,0,0,1,steady_dark
622000,6220,0,0,1,steady_dark
622100,6221,0,0,1,steady_dark
622200,6222,0,0,1,steady_dark
622300,6223,0,0,1,steady_dark
622400,6224,0,0,1,steady_dark
622500,6225,0,0,1,steady_dark
622600,6226,0,0,1,steady_dark
622700,6227,0,0,1,steady_dark
622800,6228,0,0,1,steady_dark
622900,6229,0,0,1,steady_dark
623000,6230,0,0,1,steady_dark
623100,6231,0,0,1,steady_dark
623200,6232,0,0,1,steady_dark
623300,6233,0,0,1,steady_dark
623400,6234,0,0,1,steady_dark
623500,6235,0,0,1,steady_dark
623600,6236,0,0,1,steady_dark
623700,6237,0,0,1,steady_dark
623800,6238,0,0,1,steady_dark
623900,6239,0,0,1,steady_dark
624000,6240,0,0,1,steady_dark
624100,6241,0,0,1,steady_dark
624200,6242,0,0,1,steady_dark
624300,6243,0,1,1,steady_dark
624400,6244,0,1,1,steady_dark
624500,6245,0,1,1,steady_dark
624600,6246,0,1,1,steady_dark
624700,6247,0,1,1,steady_dark
624800,6248,0,1,1,steady_dark
624900,6249,0,1,1,steady_dark
625000,6250,0,1,1,steady_dark
625100,6251,0,1,1,steady_dark
625200,6252,0,1,1,steady_dark
625300,6253,0,1,1,steady_dark
625400,6254,0,0,1,steady_dark
625500,6255,0,0,1,steady_dark
625600,6256,0,0,1,steady_dark
625700,6257,0,0,1,steady_dark
625800,6258,0,0,1,steady_dark
625900,6259,0,0,1,steady_dark
626000,6260,1,0,1,transition_dark_to_light
626100,6261,1,0,1,steady_light
626200,6262,1,0,1,steady_light
626300,6263,1,0,1,steady_light
626400,6264,1,0,1,steady_light
626500,6265,1,0,1,steady_light
626600,6266,1,0,1,steady_light
626700,6267,1,0,1,steady_light
626800,6268,1,0,1,steady_light
626900,6269,1,0,1,steady_light
627000,6270,1,0,1,steady_light
627100,6271,1,0,1,steady_light
627200,6272,1,0,1,steady_light
627300,6273,1,0,1,steady_light
627400,6274,1,0,1,steady_light
627500,6275,1,0,1,steady_light
627600,6276,1,0,1,steady_light
627700,6277,1,0,1,steady_light
627800,6278,1,0,1,steady_light
627900,6279,1,0,1,steady_light
628000,6280,1,0,1,steady_light
628100,6281,1,0,1,steady_light
628200,6282,1,0,1,steady_light
628300,6283,1,0,1,steady_light
628400,6284,1,0,1,steady_light
628500,6285,1,0,1,steady_light
628600,6286,1,0,1,steady_light
628700,6287,1,0,1,steady_light
628800,6288,1,0,0,steady_light
628900,6289,1,0,0,steady_light
629000,6290,1,0,0,steady_light
629100,6291,1,0,0,steady_light
629200,6292,1,0,0,steady_light
629300,6293,1,0,0,steady_light
629400,6294,1,0,0,steady_light
629500,6295,1,0,0,steady_light
629600,6296,1,0,0,steady_light
629700,6297,1,0,0,steady_light
629800,6298,1,0,0,steady_light
629900,6299,1,0,0,steady_light
630000,6300,1,0,0,steady_light
630100,6301,1,0,0,steady_light
630200,6302,1,0,0,steady_light
630300,6303,1,0,0,steady_light
630400,6304,1,0,0,steady_light
630500,6305,1,0,0,steady_light
630600,6306,1,0,0,steady_light
630700,6307,1,0,0,steady_light
630800,6308,1,0,0,steady_light
630900,6309,1,0,0,steady_light
631000,6310,1,0,0,steady_light
631100,6311,1,0,0,steady_light
631200,6312,1,0,0,steady_light
631300,6313,1,0,0,steady_light
631400,6314,1,0,0,steady_light
631500,6315,1,0,0,steady_light
631600,6316,1,0,0,steady_light
631700,6317,1,0,0,steady_light
631800,6318,1,0,0,steady_light
631900,6319,1,0,0,steady_light
632000,6320,1,0,0,steady_light
632100,6321,1,0,0,steady_light
632200,6322,1,0,0,steady_light
632300,6323,1,0,0,steady_light
632400,6324,1,0,0,steady_light
632500,6325,1,0,0,steady_light
632600,6326,1,0,0,steady_light
632700,6327,1,0,0,steady_light
632800,6328,1,0,0,steady_light
632900,6329,1,0,0,steady_light
633000,6330,1,0,0,steady_light
633100,6331,1,0,0,steady_light
633200,6332,1,0,0,steady_light
633300,6333,1,0,0,steady_light
633400,6334,1,0,0,steady_light
633500,6335,1,0,0,steady_light
633600,6336,1,0,0,steady_light
633700,6337,1,0,0,steady_light
633800,6338,1,0,0,steady_light
633900,6339,1,0,0,steady_light
634000,6340,1,0,0,steady_light
634100,6341,1,0,0,steady_light
634200,6342,1,0,0,steady_light
634300,6343,1,0,0,steady_light
634400,6344,1,0,0,steady_light
634500,6345,1,0,0,steady_light
634600,6346,1,0,0,steady_light
634700,6347,1,0,0,steady_light
634800,6348,1,0,0,steady_light
634900,6349,1,0,0,steady_light
635000,6350,1,0,0,steady_light
635100,6351,1,0,0,steady_light
635200,6352,1,0,0,steady_light
635300,6353,1,0,0,steady_light
635400,6354,1,0,0,steady_light
635500,6355,1,0,0,steady_light
635600,6356,1,0,0,steady_light
635700,6357,1,0,0,steady_light
635800,6358,1,0,0,steady_light
635900,6359,1,0,0,steady_light
636000,6360,1,0,0,steady_light
636100,6361,1,0,0,steady_light
636200,6362,1,0,0,steady_light
636300,6363,1,0,0,steady_light
636400,6364,1,0,0,steady_light
636500,6365,1,0,0,steady_light
636600,6366,1,0,0,steady_light
636700,6367,1,0,0,steady_light
636800,6368,1,0,0,steady_light
636900,6369,1,0,0,steady_light
637000,6370,1,0,0,steady_light
637100,6371,1,0,0,steady_light
637200,6372,1,0,0,steady_light
637300,6373,1,0,0,steady_light
637400,6374,1,0,0,steady_light
637500,6375,1,0,0,steady_light
637600,6376,1,0,0,steady_light
637700,6377,1,0,0,steady_light
637800,6378,1,0,0,steady_light
637900,6379,1,0,0,steady_light
638000,6380,1,0,0,steady_light
638100,6381,1,0,0,steady_light
638200,6382,1,0,0,steady_light
638300,6383,1,0,0,steady_light
638400,6384,1,0,0,steady_light
638500,6385,1,0,0,steady_light
638600,6386,1,0,0,steady_light
638700,6387,1,0,0,steady_light
638800,6388,1,0,0,steady_light
638900,6389,1,0,0,steady_light
639000,6390,1,0,0,steady_light
639100,6391,1,0,0,steady_light
639200,6392,1,0,0,steady_light
639300,6393,1,0,0,steady_light
639400,6394,1,0,0,steady_light
639500,6395,1,0,0,steady_light
639600,6396,1,0,0,steady_light
639700,6397,1,0,0,steady_light
639800,6398,1,0,0,steady_light
639900,6399,1,0,0,steady_light
640000,6400,1,0,0,steady_light
640100,6401,1,0,0,steady_light
640200,6402,1,0,0,steady_light
640300,6403,1,0,0,steady_light
640400,6404,1,0,0,steady_light
640500,6405,1,0,0,steady_light
640600,6406,1,0,0,steady_light
640700,6407,1,0,0,steady_light
640800,6408,1,0,0,steady_light
640900,6409,1,0,0,steady_light
641000,6410,1,0,0,steady_light
641100,6411,1,0,0,steady_light
641200,6412,1,0,0,steady_light
641300,6413,1,0,0,steady_light
641400,6414,1,0,0,steady_light
641500,6415,1,0,0,steady_light
641600,6416,1,0,0,steady_light
641700,6417,1,0,0,steady_light
641800,6418,1,0,0,steady_light
641900,6419,1,0,0,steady_light
642000,6420,1,0,0,steady_light
642100,6421,1,0,0,steady_light
642200,6422,1,0,0,steady_light
642300,6423,1,0,0,steady_light
642400,6424,1,0,0,steady_light
642500,6425,1,0,0,steady_light
642600,6426,1,0,0,steady_light
642700,6427,1,0,0,steady_light
642800,6428,1,0,0,steady_light
642900,6429,1,0,0,steady_light
643000,6430,1,0,0,steady_light
643100,6431,1,0,0,steady_light
643200,6432,1,0,0,steady_light
643300,6433,1,0,0,steady_light
643400,6434,1,0,0,steady_light
643500,6435,1,0,0,steady_light
643600,6436,1,0,0,steady_light
643700,6437,1,0,0,steady_light
643800,6438,1,0,0,steady_light
643900,6439,1,0,0,steady_light
644000,6440,1,0,0,steady_light
644100,6441,1,0,0,steady_light
644200,6442,1,0,0,steady_light
644300,6443,1,0,0,steady_light
644400,6444,0,1,1,transition_light_to_dark
644500,6445,0,1,1,steady_dark
644600,6446,0,1,1,steady_dark
644700,6447,0,1,1,steady_dark
644800,6448,0,1,1,steady_dark
644900,6449,0,1,1,steady_dark
645000,6450,0,1,1,steady_dark
645100,6451,0,1,1,steady_dark
645200,6452,0,1,1,steady_dark
645300,6453,0,1,1,steady_dark
645400,6454,0,0,1,steady_dark
645500,6455,0,0,1,steady_dark
645600,6456,0,0,1,steady_dark
645700,6457,0,0,1,steady_dark
645800,6458,0,0,1,steady_dark
645900,6459,0,0,1,steady_dark
646000,6460,0,0,1,steady_dark
646100,6461,0,0,1,steady_dark
646200,6462,0,0,1,steady_dark
646300,6463,0,0,1,steady_dark
646400,6464,0,0,1,steady_dark
646500,6465,0,0,1,steady_dark
646600,6466,0,0,1,steady_dark
646700,6467,0,0,1,steady_dark
646800,6468,0,0,1,steady_dark
646900,6469,0,0,1,steady_dark
647000,6470,0,0,1,steady_dark
647100,6471,0,0,1,steady_dark
647200,6472,0,0,1,steady_dark
647300,6473,0,0,1,steady_dark
647400,6474,0,0,1,steady_dark
647500,6475,0,0,1,steady_dark
647600,6476,0,0,1,steady_dark
647700,6477,0,0,1,steady_dark
647800,6478,0,0,1,steady_dark
647900,6479,0,0,1,steady_dark
648000,6480,0,1,1,steady_dark
648100,6481,0,1,1,steady_dark
648200,6482,0,1,1,steady_dark
648300,6483,0,1,1,steady_dark
648400,6484,0,1,1,steady_dark
648500,6485,0,1,1,steady_dark
648600,6486,0,1,1,steady_dark
648700,6487,0,1,1,steady_dark
648800,6488,0,1,1,steady_dark
648900,6489,0,1,1,steady_dark
649000,6490,0,1,1,steady_dark
649100,6491,0,0,1,steady_dark
649200,6492,0,0,1,steady_dark
649300,6493,0,0,1,steady_dark
649400,6494,0,0,1,steady_dark
649500,6495,0,0,1,steady_dark
649600,6496,0,0,1,steady_dark
649700,6497,0,0,1,steady_dark
649800,6498,0,0,1,steady_dark
649900,6499,0,0,1,steady_dark
650000,6500,0,0,1,steady_dark
650100,6501,0,0,1,steady_dark
650200,6502,0,0,1,steady_dark
650300,6503,0,0,1,steady_dark
650400,6504,0,0,1,steady_dark
650500,6505,0,0,1,steady_dark
650600,6506,0,0,1,steady_dark
650700,6507,0,0,1,steady_dark
650800,6508,0,0,1,steady_dark
650900,6509,0,0,1,steady_dark
651000,6510,0,0,1,steady_dark
651100,6511,0,0,1,steady_dark
651200,6512,0,0,1,steady_dark
651300,6513,0,0,1,steady_dark
651400,6514,0,0,1,steady_dark
651500,6515,0,0,1,steady_dark
651600,6516,0,0,1,steady_dark
651700,6517,0,0,1,steady_dark
651800,6518,0,0,1,steady_dark
651900,6519,0,0,1,steady_dark
652000,6520,0,0,1,steady_dark
652100,6521,0,0,1,steady_dark
652200,6522,0,1,1,steady_dark
652300,6523,0,1,1,steady_dark
652400,6524,0,1,1,steady_dark
652500,6525,0,1,1,steady_dark
652600,6526,0,1,1,steady_dark
652700,6527,0,1,1,steady_dark
652800,6528,0,1,1,steady_dark
652900,6529,0,1,1,steady_dark
653000,6530,0,1,1,steady_dark
653100,6531,0,1,1,steady_dark
653200,6532,0,1,1,steady_dark
653300,6533,0,0,1,steady_dark
653400,6534,0,0,1,steady_dark
653500,6535,0,0,1,steady_dark
653600,6536,0,0,1,steady_dark
653700,6537,0,0,1,steady_dark
653800,6538,0,0,1,steady_dark
653900,6539,0,0,1,steady_dark
654000,6540,0,0,1,steady_dark
654100,6541,0,0,1,steady_dark
654200,6542,0,0,1,steady_dark
654300,6543,0,0,1,steady_dark
654400,6544,0,0,1,steady_dark
654500,6545,0,0,1,steady_dark
654600,6546,0,0,1,steady_dark
654700,6547,0,0,1,steady_dark
654800,6548,0,0,1,steady_dark
654900,6549,0,0,1,steady_dark
655000,6550,0,0,1,steady_dark
655100,6551,0,0,1,steady_dark
655200,6552,0,0,1,steady_dark
655300,6553,0,0,1,steady_dark
655400,6554,0,0,1,steady_dark
655500,6555,0,0,1,steady_dark
655600,6556,0,0,1,steady_dark
655700,6557,0,0,1,steady_dark
655800,6558,0,0,1,steady_dark
655900,6559,0,1,1,steady_dark
656000,6560,0,1,1,steady_dark
656100,6561,0,1,1,steady_dark
656200,6562,0,1,1,steady_dark
656300,6563,0,1,1,steady_dark
656400,6564,0,1,1,steady_dark
656500,6565,0,1,1,steady_dark
656600,6566,0,1,1,steady_dark
656700,6567,0,1,1,steady_dark
656800,6568,0,1,1,steady_dark
656900,6569,0,1,1,steady_dark
657000,6570,0,0,1,steady_dark
657100,6571,0,0,1,steady_dark
657200,6572,0,0,1,steady_dark
657300,6573,0,0,1,steady_dark
657400,6574,0,0,1,steady_dark
657500,6575,0,0,1,steady_dark
657600,6576,0,0,1,steady_dark
657700,6577,0,0,1,steady_dark
657800,6578,0,0,1,steady_dark
657900,6579,0,0,1,steady_dark
658000,6580,0,0,1,steady_dark
658100,6581,0,0,1,steady_dark
658200,6582,0,0,1,steady_dark
658300,6583,0,0,1,steady_dark
658400,6584,0,0,1,steady_dark
658500,6585,0,0,1,steady_dark
658600,6586,0,0,1,steady_dark
658700,6587,0,0,1,steady_dark
658800,6588,0,0,1,steady_dark
658900,6589,0,0,1,steady_dark
659000,6590,0,0,1,steady_dark
659100,6591,0,0,1,steady_dark
659200,6592,0,0,1,steady_dark
659300,6593,0,0,1,steady_dark
659400,6594,0,0,1,steady_dark
659500,6595,0,0,1,steady_dark
659600,6596,0,0,1,steady_dark
659700,6597,0,0,1,steady_dark
659800,6598,0,0,1,steady_dark
659900,6599,0,0,1,steady_dark
660000,6600,0,0,1,steady_dark
660100,6601,0,0,1,steady_dark
660200,6602,0,0,1,steady_dark
660300,6603,0,0,1,steady_dark
660400,6604,0,0,1,steady_dark
660500,6605,0,0,1,steady_dark
660600,6606,0,0,1,steady_dark
660700,6607,0,0,1,steady_dark
660800,6608,0,0,1,steady_dark
660900,6609,0,0,1,steady_dark
661000,6610,0,0,1,steady_dark
661100,6611,0,0,1,steady_dark
661200,6612,0,1,1,steady_dark
661300,6613,0,1,1,steady_dark
661400,6614,0,1,1,steady_dark
661500,6615,0,1,1,steady_dark
661600,6616,0,1,1,steady_dark
661700,6617,0,1,1,steady_dark
661800,6618,0,1,1,steady_dark
661900,6619,0,1,1,steady_dark
662000,6620,0,1,1,steady_dark
662100,6621,0,1,1,steady_dark
662200,6622,0,0,1,steady_dark
662300,6623,0,0,1,steady_dark
662400,6624,0,0,1,steady_dark
662500,6625,0,0,1,steady_dark
662600,6626,0,0,1,steady_dark
662700,6627,0,0,1,steady_dark
662800,6628,0,0,1,steady_dark
662900,6629,0,0,1,steady_dark
663000,6630,0,0,1,steady_dark
663100,6631,0,0,1,steady_dark
663200,6632,0,0,1,steady_dark
663300,6633,0,0,1,steady_dark
663400,6634,0,0,1,steady_dark
663500,6635,0,0,1,steady_dark
663600,6636,0,0,1,steady_dark
663700,6637,0,0,1,steady_dark
663800,6638,0,0,1,steady_dark
663900,6639,0,0,1,steady_dark
664000,6640,0,0,1,steady_dark
664100,6641,0,0,1,steady_dark
664200,6642,0,0,1,steady_dark
664300,6643,0,0,1,steady_dark
664400,6644,0,0,1,steady_dark
664500,6645,0,0,1,steady_dark
664600,6646,0,0,1,steady_dark
664700,6647,0,0,1,steady_dark
664800,6648,0,0,1,steady_dark
664900,6649,0,0,1,steady_dark
665000,6650,0,0,1,steady_dark
665100,6651,0,0,1,steady_dark
665200,6652,0,1,1,steady_dark
665300,6653,0,1,1,steady_dark
665400,6654,0,1,1,steady_dark
665500,6655,0,1,1,steady_dark
665600,6656,0,1,1,steady_dark
665700,6657,0,1,1,steady_dark
665800,6658,0,1,1,steady_dark
665900,6659,0,1,1,steady_dark
666000,6660,0,1,1,steady_dark
666100,6661,0,1,1,steady_dark
666200,6662,0,1,1,steady_dark
666300,6663,0,0,1,steady_dark
666400,6664,0,0,1,steady_dark
666500,6665,0,0,1,steady_dark
666600,6666,0,0,1,steady_dark
666700,6667,0,0,1,steady_dark
666800,6668,0,0,1,steady_dark
666900,6669,0,0,1,steady_dark
667000,6670,0,0,1,steady_dark
667100,6671,0,0,1,steady_dark
667200,6672,0,0,1,steady_dark
667300,6673,0,0,1,steady_dark
667400,6674,0,0,1,steady_dark
667500,6675,0,0,1,steady_dark
667600,6676,0,0,1,steady_dark
667700,6677,0,0,1,steady_dark
667800,6678,0,0,1,steady_dark
667900,6679,0,0,1,steady_dark
668000,6680,0,0,1,steady_dark
668100,6681,0,0,1,steady_dark
668200,6682,0,0,1,steady_dark
668300,6683,0,0,1,steady_dark
668400,6684,0,0,1,steady_dark
668500,6685,0,0,1,steady_dark
668600,6686,0,0,1,steady_dark
668700,6687,0,0,1,steady_dark
668800,6688,0,0,1,steady_dark
668900,6689,0,0,1,steady_dark
669000,6690,0,0,1,steady_dark
669100,6691,0,0,1,steady_dark
669200,6692,0,0,1,steady_dark
669300,6693,0,1,1,steady_dark
669400,6694,0,1,1,steady_dark
669500,6695,0,1,1,steady_dark
669600,6696,0,1,1,steady_dark
669700,6697,0,1,1,steady_dark
669800,6698,0,1,1,steady_dark
669900,6699,0,1,1,steady_dark
670000,6700,0,1,1,steady_dark
670100,6701,0,1,1,steady_dark
670200,6702,0,1,1,steady_dark
670300,6703,0,0,1,steady_dark
670400,6704,0,0,1,steady_dark
670500,6705,0,0,1,steady_dark
670600,6706,0,0,1,steady_dark
670700,6707,0,0,1,steady_dark
670800,6708,1,0,1,transition_dark_to_light
670900,6709,1,0,1,steady_light
671000,6710,1,0,1,steady_light
671100,6711,1,0,1,steady_light
671200,6712,1,0,1,steady_light
671300,6713,1,0,1,steady_light
671400,6714,1,0,1,steady_light
671500,6715,1,0,1,steady_light
671600,6716,1,0,1,steady_light
671700,6717,1,0,1,steady_light
671800,6718,1,0,1,steady_light
671900,6719,1,0,1,steady_light
672000,6720,1,0,1,steady_light
672100,6721,1,0,1,steady_light
672200,6722,1,0,1,steady_light
672300,6723,1,0,1,steady_light
672400,6724,1,0,1,steady_light
672500,6725,1,0,1,steady_light
672600,6726,1,0,1,steady_light
672700,6727,1,0,1,steady_light
672800,6728,1,0,1,steady_light
672900,6729,1,0,1,steady_light
673000,6730,1,0,1,steady_light
673100,6731,1,0,1,steady_light
673200,6732,1,0,1,steady_light
673300,6733,1,0,1,steady_light
673400,6734,1,0,1,steady_light
673500,6735,1,0,1,steady_light
673600,6736,1,0,1,steady_light
673700,6737,1,0,1,steady_light
673800,6738,1,0,1,steady_light
673900,6739,1,0,1,steady_light
674000,6740,1,0,1,steady_light
674100,6741,1,0,1,steady_light
674200,6742,1,0,1,steady_light
674300,6743,1,0,1,steady_light
674400,6744,1,0,0,steady_light
674500,6745,1,0,0,steady_light
674600,6746,1,0,0,steady_light
674700,6747,1,0,0,steady_light
674800,6748,1,0,0,steady_light
674900,6749,1,0,0,steady_light
675000,6750,1,0,0,steady_light
675100,6751,1,0,0,steady_light
675200,6752,1,0,0,steady_light
675300,6753,1,0,0,steady_light
675400,6754,1,0,0,steady_light
675500,6755,1,0,0,steady_light
675600,6756,1,0,0,steady_light
675700,6757,1,0,0,steady_light
675800,6758,1,0,0,steady_light
675900,6759,1,0,0,steady_light
676000,6760,1,0,0,steady_light
676100,6761,1,0,0,steady_light
676200,6762,1,0,0,steady_light
676300,6763,1,0,0,steady_light
676400,6764,1,0,0,steady_light
676500,6765,1,0,0,steady_light
676600,6766,1,0,0,steady_light
676700,6767,1,0,0,steady_light
676800,6768,1,0,0,steady_light
676900,6769,1,0,0,steady_light
677000,6770,1,0,0,steady_light
677100,6771,1,0,0,steady_light
677200,6772,1,0,0,steady_light
677300,6773,1,0,0,steady_light
677400,6774,1,0,0,steady_light
677500,6775,1,0,0,steady_light
677600,6776,1,0,0,steady_light
677700,6777,1,0,0,steady_light
677800,6778,1,0,0,steady_light
677900,6779,1,0,0,steady_light
678000,6780,1,0,0,steady_light
678100,6781,1,0,0,steady_light
678200,6782,1,0,0,steady_light
678300,6783,1,0,0,steady_light
678400,6784,1,0,0,steady_light
678500,6785,1,0,0,steady_light
678600,6786,1,0,0,steady_light
678700,6787,1,0,0,steady_light
678800,6788,1,0,0,steady_light
678900,6789,1,0,0,steady_light
679000,6790,1,0,0,steady_light
679100,6791,1,0,0,steady_light
679200,6792,1,0,0,steady_light
679300,6793,1,0,0,steady_light
679400,6794,1,0,0,steady_light
679500,6795,1,0,0,steady_light
679600,6796,1,0,0,steady_light
679700,6797,1,0,0,steady_light
679800,6798,1,0,0,steady_light
679900,6799,1,0,0,steady_light
680000,6800,1,0,0,steady_light
680100,6801,1,0,0,steady_light
680200,6802,1,0,0,steady_light
680300,6803,1,0,0,steady_light
680400,6804,1,0,0,steady_light
680500,6805,1,0,0,steady_light
680600,6806,1,0,0,steady_light
680700,6807,1,0,0,steady_light
680800,6808,1,0,0,steady_light
680900,6809,1,0,0,steady_light
681000,6810,1,0,0,steady_light
681100,6811,1,0,0,steady_light
681200,6812,1,0,0,steady_light
681300,6813,1,0,0,steady_light
681400,6814,1,0,0,steady_light
681500,6815,1,0,0,steady_light
681600,6816,1,0,0,steady_light
681700,6817,1,0,0,steady_light
681800,6818,1,0,0,steady_light
681900,6819,1,0,0,steady_light
682000,6820,1,0,0,steady_light
682100,6821,1,0,0,steady_light
682200,6822,1,0,0,steady_light
682300,6823,1,0,0,steady_light
682400,6824,1,0,0,steady_light
682500,6825,1,0,0,steady_light
682600,6826,1,0,0,steady_light
682700,6827,1,0,0,steady_light
682800,6828,1,0,0,steady_light
682900,6829,1,0,0,steady_light
683000,6830,1,0,0,steady_light
683100,6831,1,0,0,steady_light
683200,6832,1,0,0,steady_light
683300,6833,1,0,0,steady_light
683400,6834,1,0,0,steady_light
683500,6835,1,0,0,steady_light
683600,6836,1,0,0,steady_light
683700,6837,1,0,0,steady_light
683800,6838,1,0,0,steady_light
683900,6839,1,0,0,steady_light
684000,6840,1,0,0,steady_light
684100,6841,1,0,0,steady_light
684200,6842,1,0,0,steady_light
684300,6843,1,0,0,steady_light
684400,6844,1,0,0,steady_light
684500,6845,1,0,0,steady_light
684600,6846,1,0,0,steady_light
684700,6847,1,0,0,steady_light
684800,6848,1,0,0,steady_light
684900,6849,1,0,0,steady_light
685000,6850,1,0,0,steady_light
685100,6851,1,0,0,steady_light
685200,6852,1,0,0,steady_light
685300,6853,1,0,0,steady_light
685400,6854,1,0,0,steady_light
685500,6855,1,0,0,steady_light
685600,6856,1,0,0,steady_light
685700,6857,1,0,0,steady_light
685800,6858,1,0,0,steady_light
685900,6859,1,0,0,steady_light
686000,6860,1,0,0,steady_light
686100,6861,1,0,0,steady_light
686200,6862,1,0,0,steady_light
686300,6863,1,0,0,steady_light
686400,6864,1,0,0,steady_light
686500,6865,1,0,0,steady_light
686600,6866,1,0,0,steady_light
686700,6867,1,0,0,steady_light
686800,6868,1,0,0,steady_light
686900,6869,1,0,0,steady_light
687000,6870,1,0,0,steady_light
687100,6871,1,0,0,steady_light
687200,6872,1,0,0,steady_light
687300,6873,1,0,0,steady_light
687400,6874,1,0,0,steady_light
687500,6875,1,0,0,steady_light
687600,6876,1,0,0,steady_light
687700,6877,1,0,0,steady_light
687800,6878,1,0,0,steady_light
687900,6879,1,0,0,steady_light
688000,6880,1,0,0,steady_light
688100,6881,1,0,0,steady_light
688200,6882,1,0,0,steady_light
688300,6883,1,0,0,steady_light
688400,6884,1,0,0,steady_light
688500,6885,1,0,0,steady_light
688600,6886,1,0,0,steady_light
688700,6887,1,0,0,steady_light
688800,6888,1,0,0,steady_light
688900,6889,1,0,0,steady_light
689000,6890,1,0,0,steady_light
689100,6891,1,0,0,steady_light
689200,6892,1,0,0,steady_light
689300,6893,1,0,0,steady_light
689400,6894,1,0,0,steady_light
689500,6895,1,0,0,steady_light
689600,6896,1,0,0,steady_light
689700,6897,1,0,0,steady_light
689800,6898,1,0,0,steady_light
689900,6899,1,0,0,steady_light
690000,6900,1,0,0,steady_light
690100,6901,1,0,0,steady_light
690200,6902,1,0,0,steady_light
690300,6903,1,0,0,steady_light
690400,6904,1,0,0,steady_light
690500,6905,1,0,0,steady_light
690600,6906,1,0,0,steady_light
690700,6907,1,0,0,steady_light
690800,6908,1,0,0,steady_light
690900,6909,1,0,0,steady_light
691000,6910,1,0,0,steady_light
691100,6911,1,0,0,steady_light
691200,6912,1,0,0,steady_light
691300,6913,1,0,0,steady_light
691400,6914,1,0,0,steady_light
691500,6915,1,0,0,steady_light
691600,6916,1,0,0,steady_light
691700,6917,1,0,0,steady_light
691800,6918,1,0,0,steady_light
691900,6919,1,0,0,steady_light
692000,6920,1,0,0,steady_light
692100,6921,1,0,0,steady_light
692200,6922,1,0,0,steady_light
692300,6923,1,0,0,steady_light
692400,6924,1,0,0,steady_light
692500,6925,1,0,0,steady_light
692600,6926,1,0,0,steady_light
692700,6927,1,0,0,steady_light
692800,6928,1,0,0,steady_light
692900,6929,1,0,0,steady_light
693000,6930,1,0,0,steady_light
693100,6931,1,0,0,steady_light
693200,6932,1,0,0,steady_light
693300,6933,1,0,0,steady_light
693400,6934,1,0,0,steady_light
693500,6935,1,0,0,steady_light
693600,6936,1,0,0,steady_light
693700,6937,1,0,0,steady_light
693800,6938,1,0,0,steady_light
693900,6939,1,0,0,steady_light
694000,6940,1,0,0,steady_light
694100,6941,1,0,0,steady_light
694200,6942,1,0,0,steady_light
694300,6943,1,0,0,steady_light
694400,6944,1,0,0,steady_light
694500,6945,1,0,0,steady_light
694600,6946,1,0,0,steady_light
694700,6947,1,0,0,steady_light
694800,6948,1,0,0,steady_light
694900,6949,1,0,0,steady_light
695000,6950,1,0,0,steady_light
695100,6951,1,0,0,steady_light
695200,6952,1,0,0,steady_light
695300,6953,1,0,0,steady_light
695400,6954,1,0,0,steady_light
695500,6955,1,0,0,steady_light
695600,6956,1,0,0,steady_light
695700,6957,1,0,0,steady_light
695800,6958,1,0,0,steady_light
695900,6959,1,0,0,steady_light
696000,6960,1,0,0,steady_light
696100,6961,1,0,0,steady_light
696200,6962,1,0,0,steady_light
696300,6963,1,0,0,steady_light
696400,6964,1,0,0,steady_light
696500,6965,1,0,0,steady_light
696600,6966,1,0,0,steady_light
696700,6967,1,0,0,steady_light
696800,6968,1,0,0,steady_light
696900,6969,1,0,0,steady_light
697000,6970,1,0,0,steady_light
697100,6971,1,0,0,steady_light
697200,6972,1,0,0,steady_light
697300,6973,1,0,0,steady_light
697400,6974,1,0,0,steady_light
697500,6975,1,0,0,steady_light
697600,6976,1,0,0,steady_light
697700,6977,1,0,0,steady_light
697800,6978,1,0,0,steady_light
697900,6979,1,0,0,steady_light
698000,6980,1,0,0,steady_light
698100,6981,1,0,0,steady_light
698200,6982,1,0,0,steady_light
698300,6983,1,0,0,steady_light
698400,6984,1,0,0,steady_light
698500,6985,1,0,0,steady_light
698600,6986,1,0,0,steady_light
698700,6987,1,0,0,steady_light
698800,6988,1,0,0,steady_light
698900,6989,1,0,0,steady_light
699000,6990,1,0,0,steady_light
699100,6991,1,0,0,steady_light
699200,6992,1,0,0,steady_light
699300,6993,1,0,0,steady_light
699400,6994,1,0,0,steady_light
699500,6995,1,0,0,steady_light
699600,6996,1,0,0,steady_light
699700,6997,1,0,0,steady_light
699800,6998,1,0,0,steady_light
699900,6999,1,0,0,steady_light
700000,7000,1,0,0,steady_light
700100,7001,1,0,0,steady_light
700200,7002,1,0,0,steady_light
700300,7003,1,0,0,steady_light
700400,7004,1,0,0,steady_light
700500,7005,1,0,0,steady_light
700600,7006,1,0,0,steady_light
700700,7007,1,0,0,steady_light
700800,7008,1,0,0,steady_light
700900,7009,1,0,0,steady_light
701000,7010,1,0,0,steady_light
701100,7011,1,0,0,steady_light
701200,7012,1,0,0,steady_light
701300,7013,1,0,0,steady_light
701400,7014,1,0,0,steady_light
701500,7015,1,0,0,steady_light
701600,7016,1,0,0,steady_light
701700,7017,1,0,0,steady_light
701800,7018,1,0,0,steady_light
701900,7019,1,0,0,steady_light
702000,7020,1,0,0,steady_light
702100,7021,1,0,0,steady_light
702200,7022,1,0,0,steady_light
702300,7023,1,0,0,steady_light
702400,7024,1,0,0,steady_light
702500,7025,1,0,0,steady_light
702600,7026,1,0,0,steady_light
702700,7027,1,0,0,steady_light
702800,7028,1,0,0,steady_light
702900,7029,1,0,0,steady_light
703000,7030,1,0,0,steady_light
703100,7031,1,0,0,steady_light
703200,7032,1,0,0,steady_light
703300,7033,1,0,0,steady_light
703400,7034,1,0,0,steady_light
703500,7035,1,0,0,steady_light
703600,7036,1,0,0,steady_light
703700,7037,1,0,0,steady_light
703800,7038,1,0,0,steady_light
703900,7039,1,0,0,steady_light
704000,7040,1,0,0,steady_light
704100,7041,1,0,0,steady_light
704200,7042,1,0,0,steady_light
704300,7043,1,0,0,steady_light
704400,7044,1,0,0,steady_light
704500,7045,1,0,0,steady_light
704600,7046,1,0,0,steady_light
704700,7047,1,0,0,steady_light
704800,7048,1,0,0,steady_light
704900,7049,1,0,0,steady_light
705000,7050,1,0,0,steady_light
705100,7051,1,0,0,steady_light
705200,7052,1,0,0,steady_light
705300,7053,1,0,0,steady_light
705400,7054,1,0,0,steady_light
705500,7055,1,0,0,steady_light
705600,7056,1,0,0,steady_light
705700,7057,1,0,0,steady_light
705800,7058,1,0,0,steady_light
705900,7059,1,0,0,steady_light
706000,7060,1,0,0,steady_light
706100,7061,1,0,0,steady_light
706200,7062,1,0,0,steady_light
706300,7063,1,0,0,steady_light
706400,7064,1,0,0,steady_light
706500,7065,1,0,0,steady_light
706600,7066,1,0,0,steady_light
706700,7067,1,0,0,steady_light
706800,7068,1,0,0,steady_light
706900,7069,1,0,0,steady_light
707000,7070,1,0,0,steady_light
707100,7071,1,0,0,steady_light
707200,7072,1,0,0,steady_light
707300,7073,1,0,0,steady_light
707400,7074,1,0,0,steady_light
707500,7075,1,0,0,steady_light
707600,7076,1,0,0,steady_light
707700,7077,1,0,0,steady_light
707800,7078,1,0,0,steady_light
707900,7079,1,0,0,steady_light
708000,7080,1,0,0,steady_light
708100,7081,1,0,0,steady_light
708200,7082,1,0,0,steady_light
708300,7083,1,0,0,steady_light
708400,7084,1,0,0,steady_light
708500,7085,1,0,0,steady_light
708600,7086,1,0,0,steady_light
708700,7087,1,0,0,steady_light
708800,7088,1,0,0,steady_light
708900,7089,1,0,0,steady_light
709000,7090,1,0,0,steady_light
709100,7091,1,0,0,steady_light
709200,7092,1,0,0,steady_light
709300,7093,1,0,0,steady_light
709400,7094,1,0,0,steady_light
709500,7095,1,0,0,steady_light
709600,7096,1,0,0,steady_light
709700,7097,1,0,0,steady_light
709800,7098,1,0,0,steady_light
709900,7099,1,0,0,steady_light
710000,7100,1,0,0,steady_light
710100,7101,1,0,0,steady_light
710200,7102,1,0,0,steady_light
710300,7103,1,0,0,steady_light
710400,7104,1,0,0,steady_light
710500,7105,1,0,0,steady_light
710600,7106,1,0,0,steady_light
710700,7107,1,0,0,steady_light
710800,7108,1,0,0,steady_light
710900,7109,1,0,0,steady_light
711000,7110,1,0,0,steady_light
711100,7111,1,0,0,steady_light
711200,7112,1,0,0,steady_light
711300,7113,1,0,0,steady_light
711400,7114,1,0,0,steady_light
711500,7115,1,0,0,steady_light
711600,7116,1,0,0,steady_light
711700,7117,1,0,0,steady_light
711800,7118,1,0,0,steady_light
711900,7119,1,0,0,steady_light
712000,7120,1,0,0,steady_light
712100,7121,1,0,0,steady_light
712200,7122,1,0,0,steady_light
712300,7123,1,0,0,steady_light
712400,7124,1,0,0,steady_light
712500,7125,1,0,0,steady_light
712600,7126,1,0,0,steady_light
712700,7127,1,0,0,steady_light
712800,7128,1,0,0,steady_light
712900,7129,1,0,0,steady_light
713000,7130,1,0,0,steady_light
713100,7131,1,0,0,steady_light
713200,7132,1,0,0,steady_light
713300,7133,1,0,0,steady_light
713400,7134,1,0,0,steady_light
713500,7135,1,0,0,steady_light
713600,7136,1,0,0,steady_light
713700,7137,1,0,0,steady_light
713800,7138,1,0,0,steady_light
713900,7139,1,0,0,steady_light
714000,7140,1,0,0,steady_light
714100,7141,1,0,0,steady_light
714200,7142,1,0,0,steady_light
714300,7143,1,0,0,steady_light
714400,7144,1,0,0,steady_light
714500,7145,1,0,0,steady_light
714600,7146,1,0,0,steady_light
714700,7147,1,0,0,steady_light
714800,7148,1,0,0,steady_light
714900,7149,1,0,0,steady_light
715000,7150,1,0,0,steady_light
715100,7151,1,0,0,steady_light
715200,7152,1,0,0,steady_light
715300,7153,1,0,0,steady_light
715400,7154,1,0,0,steady_light
715500,7155,1,0,0,steady_light
715600,7156,1,0,0,steady_light
715700,7157,1,0,0,steady_light
715800,7158,1,0,0,steady_light
715900,7159,1,0,0,steady_light
716000,7160,1,0,0,steady_light
716100,7161,1,0,0,steady_light
716200,7162,1,0,0,steady_light
716300,7163,1,0,0,steady_light
716400,7164,1,0,0,steady_light
716500,7165,1,0,0,steady_light
716600,7166,1,0,0,steady_light
716700,7167,1,0,0,steady_light
716800,7168,1,0,0,steady_light
716900,7169,1,0,0,steady_light
717000,7170,1,0,0,steady_light
717100,7171,1,0,0,steady_light
717200,7172,1,0,0,steady_light
717300,7173,1,0,0,steady_light
717400,7174,1,0,0,steady_light
717500,7175,1,0,0,steady_light
717600,7176,1,0,0,steady_light
717700,7177,1,0,0,steady_light
717800,7178,1,0,0,steady_light
717900,7179,1,0,0,steady_light
718000,7180,1,0,0,steady_light
718100,7181,1,0,0,steady_light
718200,7182,1,0,0,steady_light
718300,7183,1,0,0,steady_light
718400,7184,1,0,0,steady_light
718500,7185,1,0,0,steady_light
718600,7186,1,0,0,steady_light
718700,7187,1,0,0,steady_light
718800,7188,1,0,0,steady_light
718900,7189,1,0,0,steady_light
719000,7190,1,0,0,steady_light
719100,7191,1,0,0,steady_light
719200,7192,1,0,0,steady_light
719300,7193,1,0,0,steady_light
719400,7194,1,0,0,steady_light
719500,7195,1,0,0,steady_light
719600,7196,1,0,0,steady_light
719700,7197,1,0,0,steady_light
719800,7198,1,0,0,steady_light
719900,7199,1,0,0,steady_light
720000,7200,1,0,0,steady_light
720100,7201,1,0,0,steady_light
720200,7202,1,0,0,steady_light
720300,7203,1,0,0,steady_light
720400,7204,1,0,0,steady_light
720500,7205,1,0,0,steady_light
720600,7206,1,0,0,steady_light
720700,7207,1,0,0,steady_light
720800,7208,1,0,0,steady_light
720900,7209,1,0,0,steady_light
721000,7210,1,0,0,steady_light
721100,7211,1,0,0,steady_light
721200,7212,1,0,0,steady_light
721300,7213,1,0,0,steady_light
721400,7214,1,0,0,steady_light
721500,7215,1,0,0,steady_light
721600,7216,1,0,0,steady_light
721700,7217,1,0,0,steady_light
721800,7218,1,0,0,steady_light
721900,7219,1,0,0,steady_light
722000,7220,1,0,0,steady_light
722100,7221,1,0,0,steady_light
722200,7222,1,0,0,steady_light
722300,7223,1,0,0,steady_light
722400,7224,1,0,0,steady_light
722500,7225,1,0,0,steady_light
722600,7226,1,0,0,steady_light
722700,7227,1,0,0,steady_light
722800,7228,1,0,0,steady_light
722900,7229,1,0,0,steady_light
723000,7230,1,0,0,steady_light
723100,7231,1,0,0,steady_light
723200,7232,1,0,0,steady_light
723300,7233,1,0,0,steady_light
723400,7234,1,0,0,steady_light
723500,7235,1,0,0,steady_light
723600,7236,1,0,0,steady_light
723700,7237,1,0,0,steady_light
723800,7238,1,0,0,steady_light
723900,7239,1,0,0,steady_light
724000,7240,1,0,0,steady_light
724100,7241,1,0,0,steady_light
724200,7242,1,0,0,steady_light
724300,7243,1,0,0,steady_light
724400,7244,1,0,0,steady_light
724500,7245,1,0,0,steady_light
724600,7246,1,0,0,steady_light
724700,7247,1,0,0,steady_light
724800,7248,1,0,0,steady_light
724900,7249,1,0,0,steady_light
725000,7250,1,0,0,steady_light
725100,7251,1,0,0,steady_light
725200,7252,1,0,0,steady_light
725300,7253,1,0,0,steady_light
725400,7254,1,0,0,steady_light
725500,7255,1,0,0,steady_light
725600,7256,1,0,0,steady_light
725700,7257,1,0,0,steady_light
725800,7258,1,0,0,steady_light
725900,7259,1,0,0,steady_light
726000,7260,1,0,0,steady_light
726100,7261,1,0,0,steady_light
726200,7262,1,0,0,steady_light
726300,7263,1,0,0,steady_light
726400,7264,1,0,0,steady_light
726500,7265,1,0,0,steady_light
726600,7266,1,0,0,steady_light
726700,7267,1,0,0,steady_light
726800,7268,1,0,0,steady_light
726900,7269,1,0,0,steady_light
727000,7270,1,0,0,steady_light
727100,7271,1,0,0,steady_light
727200,7272,1,0,0,steady_light
727300,7273,1,0,0,steady_light
727400,7274,1,0,0,steady_light
727500,7275,1,0,0,steady_light
727600,7276,1,0,0,steady_light
727700,7277,1,0,0,steady_light
727800,7278,1,0,0,steady_light
727900,7279,1,0,0,steady_light
728000,7280,1,0,0,steady_light
728100,7281,1,0,0,steady_light
728200,7282,1,0,0,steady_light
728300,7283,1,0,0,steady_light
728400,7284,1,0,0,steady_light
728500,7285,1,0,0,steady_light
728600,7286,1,0,0,steady_light
728700,7287,1,0,0,steady_light
728800,7288,1,0,0,steady_light
728900,7289,1,0,0,steady_light
729000,7290,1,0,0,steady_light
729100,7291,1,0,0,steady_light
729200,7292,1,0,0,steady_light
729300,7293,1,0,0,steady_light
729400,7294,1,0,0,steady_light
729500,7295,1,0,0,steady_light
729600,7296,1,0,0,steady_light
729700,7297,1,0,0,steady_light
729800,7298,1,0,0,steady_light
729900,7299,1,0,0,steady_light
730000,7300,1,0,0,steady_light
730100,7301,1,0,0,steady_light
730200,7302,1,0,0,steady_light
730300,7303,1,0,0,steady_light
730400,7304,1,0,0,steady_light
730500,7305,1,0,0,steady_light
730600,7306,1,0,0,steady_light
730700,7307,1,0,0,steady_light
730800,7308,1,0,0,steady_light
730900,7309,1,0,0,steady_light
731000,7310,1,0,0,steady_light
731100,7311,1,0,0,steady_light
731200,7312,1,0,0,steady_light
731300,7313,1,0,0,steady_light
731400,7314,1,0,0,steady_light
731500,7315,1,0,0,steady_light
731600,7316,1,0,0,steady_light
731700,7317,1,0,0,steady_light
731800,7318,1,0,0,steady_light
731900,7319,1,0,0,steady_light
732000,7320,1,0,0,steady_light
732100,7321,1,0,0,steady_light
732200,7322,1,0,0,steady_light
732300,7323,1,0,0,steady_light
732400,7324,1,0,0,steady_light
732500,7325,1,0,0,steady_light
732600,7326,1,0,0,steady_light
732700,7327,1,0,0,steady_light
732800,7328,1,0,0,steady_light
732900,7329,1,0,0,steady_light
733000,7330,1,0,0,steady_light
733100,7331,1,0,0,steady_light
733200,7332,1,0,0,steady_light
733300,7333,1,0,0,steady_light
733400,7334,1,0,0,steady_light
733500,7335,1,0,0,steady_light
733600,7336,1,0,0,steady_light
733700,7337,1,0,0,steady_light
733800,7338,1,0,0,steady_light
733900,7339,1,0,0,steady_light
734000,7340,1,0,0,steady_light
734100,7341,1,0,0,steady_light
734200,7342,1,0,0,steady_light
734300,7343,1,0,0,steady_light
734400,7344,1,0,0,steady_light
734500,7345,1,0,0,steady_light
734600,7346,1,0,0,steady_light
734700,7347,1,0,0,steady_light
734800,7348,1,0,0,steady_light
734900,7349,1,0,0,steady_light
735000,7350,1,0,0,steady_light
735100,7351,1,0,0,steady_light
735200,7352,1,0,0,steady_light
735300,7353,1,0,0,steady_light
735400,7354,1,0,0,steady_light
735500,7355,1,0,0,steady_light
735600,7356,1,0,0,steady_light
735700,7357,1,0,0,steady_light
735800,7358,1,0,0,steady_light
735900,7359,1,0,0,steady_light
736000,7360,1,0,0,steady_light
736100,7361,1,0,0,steady_light
736200,7362,1,0,0,steady_light
736300,7363,1,0,0,steady_light
736400,7364,1,0,0,steady_light
736500,7365,1,0,0,steady_light
736600,7366,1,0,0,steady_light
736700,7367,1,0,0,steady_light
736800,7368,1,0,0,steady_light
736900,7369,1,0,0,steady_light
737000,7370,1,0,0,steady_light
737100,7371,1,0,0,steady_light
737200,7372,1,0,0,steady_light
737300,7373,1,0,0,steady_light
737400,7374,1,0,0,steady_light
737500,7375,1,0,0,steady_light
737600,7376,1,0,0,steady_light
737700,7377,1,0,0,steady_light
737800,7378,1,0,0,steady_light
737900,7379,1,0,0,steady_light
738000,7380,1,0,0,steady_light
738100,7381,1,0,0,steady_light
738200,7382,1,0,0,steady_light
738300,7383,1,0,0,steady_light
738400,7384,1,0,0,steady_light
738500,7385,1,0,0,steady_light
738600,7386,1,0,0,steady_light
738700,7387,1,0,0,steady_light
738800,7388,1,0,0,steady_light
738900,7389,1,0,0,steady_light
739000,7390,1,0,0,steady_light
739100,7391,1,0,0,steady_light
739200,7392,1,0,0,steady_light
739300,7393,1,0,0,steady_light
739400,7394,1,0,0,steady_light
739500,7395,1,0,0,steady_light
739600,7396,1,0,0,steady_light
739700,7397,1,0,0,steady_light
739800,7398,1,0,0,steady_light
739900,7399,1,0,0,steady_light
740000,7400,1,0,0,steady_light
740100,7401,1,0,0,steady_light
740200,7402,1,0,0,steady_light
740300,7403,1,0,0,steady_light
740400,7404,1,0,0,steady_light
740500,7405,1,0,0,steady_light
740600,7406,1,0,0,steady_light
740700,7407,1,0,0,steady_light
740800,7408,1,0,0,steady_light
740900,7409,1,0,0,steady_light
741000,7410,1,0,0,steady_light
741100,7411,1,0,0,steady_light
741200,7412,1,0,0,steady_light
741300,7413,1,0,0,steady_light
741400,7414,1,0,0,steady_light
741500,7415,1,0,0,steady_light
741600,7416,1,0,0,steady_light
741700,7417,1,0,0,steady_light
741800,7418,1,0,0,steady_light
741900,7419,1,0,0,steady_light
742000,7420,1,0,0,steady_light
742100,7421,1,0,0,steady_light
742200,7422,1,0,0,steady_light
742300,7423,1,0,0,steady_light
742400,7424,1,0,0,steady_light
742500,7425,1,0,0,steady_light
742600,7426,1,0,0,steady_light
742700,7427,1,0,0,steady_light
742800,7428,1,0,0,steady_light
742900,7429,1,0,0,steady_light
743000,7430,1,0,0,steady_light
743100,7431,1,0,0,steady_light
743200,7432,1,0,0,steady_light
743300,7433,1,0,0,steady_light
743400,7434,1,0,0,steady_light
743500,7435,1,0,0,steady_light
743600,7436,1,0,0,steady_light
743700,7437,1,0,0,steady_light
743800,7438,1,0,0,steady_light
743900,7439,1,0,0,steady_light
744000,7440,1,0,0,steady_light
744100,7441,1,0,0,steady_light
744200,7442,1,0,0,steady_light
744300,7443,1,0,0,steady_light
744400,7444,1,0,0,steady_light
744500,7445,1,0,0,steady_light
744600,7446,1,0,0,steady_light
744700,7447,1,0,0,steady_light
744800,7448,1,0,0,steady_light
744900,7449,1,0,0,steady_light
745000,7450,1,0,0,steady_light
745100,7451,1,0,0,steady_light
745200,7452,1,0,0,steady_light
745300,7453,1,0,0,steady_light
745400,7454,1,0,0,steady_light
745500,7455,1,0,0,steady_light
745600,7456,1,0,0,steady_light
745700,7457,1,0,0,steady_light
745800,7458,1,0,0,steady_light
745900,7459,1,0,0,steady_light
746000,7460,1,0,0,steady_light
746100,7461,1,0,0,steady_light
746200,7462,1,0,0,steady_light
746300,7463,1,0,0,steady_light
746400,7464,1,0,0,steady_light
746500,7465,1,0,0,steady_light
746600,7466,1,0,0,steady_light
746700,7467,1,0,0,steady_light
746800,7468,1,0,0,steady_light
746900,7469,1,0,0,steady_light
747000,7470,1,0,0,steady_light
747100,7471,1,0,0,steady_light
747200,7472,1,0,0,steady_light
747300,7473,1,0,0,steady_light
747400,7474,1,0,0,steady_light
747500,7475,1,0,0,steady_light
747600,7476,1,0,0,steady_light
747700,7477,1,0,0,steady_light
747800,7478,1,0,0,steady_light
747900,7479,1,0,0,steady_light
748000,7480,1,0,0,steady_light
748100,7481,1,0,0,steady_light
748200,7482,1,0,0,steady_light
748300,7483,1,0,0,steady_light
748400,7484,1,0,0,steady_light
748500,7485,1,0,0,steady_light
748600,7486,1,0,0,steady_light
748700,7487,1,0,0,steady_light
748800,7488,1,0,0,steady_light
748900,7489,1,0,0,steady_light
749000,7490,1,0,0,steady_light
749100,7491,1,0,0,steady_light
749200,7492,1,0,0,steady_light
749300,7493,1,0,0,steady_light
749400,7494,1,0,0,steady_light
749500,7495,1,0,0,steady_light
749600,7496,1,0,0,steady_light
749700,7497,1,0,0,steady_light
749800,7498,1,0,0,steady_light
749900,7499,1,0,0,steady_light
750000,7500,1,0,0,steady_light
750100,7501,1,0,0,steady_light
750200,7502,1,0,0,steady_light
750300,7503,1,0,0,steady_light
750400,7504,1,0,0,steady_light
750500,7505,1,0,0,steady_light
750600,7506,1,0,0,steady_light
750700,7507,1,0,0,steady_light
750800,7508,1,0,0,steady_light
750900,7509,1,0,0,steady_light
751000,7510,1,0,0,steady_light
751100,7511,1,0,0,steady_light
751200,7512,1,0,0,steady_light
751300,7513,1,0,0,steady_light
751400,7514,1,0,0,steady_light
751500,7515,1,0,0,steady_light
751600,7516,1,0,0,steady_light
751700,7517,1,0,0,steady_light
751800,7518,1,0,0,steady_light
751900,7519,1,0,0,steady_light
752000,7520,1,0,0,steady_light
752100,7521,1,0,0,steady_light
752200,7522,1,0,0,steady_light
752300,7523,1,0,0,steady_light
752400,7524,1,0,0,steady_light
752500,7525,1,0,0,steady_light
752600,7526,1,0,0,steady_light
752700,7527,1,0,0,steady_light
752800,7528,1,0,0,steady_light
752900,7529,1,0,0,steady_light
753000,7530,1,0,0,steady_light
753100,7531,1,0,0,steady_light
753200,7532,1,0,0,steady_light
753300,7533,1,0,0,steady_light
753400,7534,1,0,0,steady_light
753500,7535,1,0,0,steady_light
753600,7536,1,0,0,steady_light
753700,7537,1,0,0,steady_light
753800,7538,1,0,0,steady_light
753900,7539,1,0,0,steady_light
754000,7540,1,0,0,steady_light
754100,7541,1,0,0,steady_light
754200,7542,1,0,0,steady_light
754300,7543,1,0,0,steady_light
754400,7544,1,0,0,steady_light
754500,7545,1,0,0,steady_light
754600,7546,1,0,0,steady_light
754700,7547,1,0,0,steady_light
754800,7548,1,0,0,steady_light
754900,7549,1,0,0,steady_light
755000,7550,1,0,0,steady_light
755100,7551,1,0,0,steady_light
755200,7552,1,0,0,steady_light
755300,7553,1,0,0,steady_light
755400,7554,1,0,0,steady_light
755500,7555,1,0,0,steady_light
755600,7556,1,0,0,steady_light
755700,7557,1,0,0,steady_light
755800,7558,1,0,0,steady_light
755900,7559,1,0,0,steady_light
756000,7560,1,0,0,steady_light
756100,7561,1,0,0,steady_light
756200,7562,1,0,0,steady_light
756300,7563,1,0,0,steady_light
756400,7564,1,0,0,steady_light
756500,7565,1,0,0,steady_light
756600,7566,1,0,0,steady_light
756700,7567,1,0,0,steady_light
756800,7568,1,0,0,steady_light
756900,7569,1,0,0,steady_light
757000,7570,1,0,0,steady_light
757100,7571,1,0,0,steady_light
757200,7572,1,0,0,steady_light
757300,7573,1,0,0,steady_light
757400,7574,1,0,0,steady_light
757500,7575,1,0,0,steady_light
757600,7576,1,0,0,steady_light
757700,7577,1,0,0,steady_light
757800,7578,1,0,0,steady_light
757900,7579,1,0,0,steady_light
758000,7580,1,0,0,steady_light
758100,7581,1,0,0,steady_light
758200,7582,1,0,0,steady_light
758300,7583,1,0,0,steady_light
758400,7584,1,0,0,steady_light
758500,7585,1,0,0,steady_light
758600,7586,1,0,0,steady_light
758700,7587,1,0,0,steady_light
758800,7588,1,0,0,steady_light
758900,7589,1,0,0,steady_light
759000,7590,1,0,0,steady_light
759100,7591,1,0,0,steady_light
759200,7592,1,0,0,steady_light
759300,7593,1,0,0,steady_light
759400,7594,1,0,0,steady_light
759500,7595,1,0,0,steady_light
759600,7596,1,0,0,steady_light
759700,7597,1,0,0,steady_light
759800,7598,1,0,0,steady_light
759900,7599,1,0,0,steady_light
760000,7600,1,0,0,steady_light
760100,7601,1,0,0,steady_light
760200,7602,1,0,0,steady_light
760300,7603,1,0,0,steady_light
760400,7604,1,0,0,steady_light
760500,7605,1,0,0,steady_light
760600,7606,1,0,0,steady_light
760700,7607,1,0,0,steady_light
760800,7608,1,0,0,steady_light
760900,7609,1,0,0,steady_light
761000,7610,1,0,0,steady_light
761100,7611,1,0,0,steady_light
761200,7612,1,0,0,steady_light
761300,7613,1,0,0,steady_light
761400,7614,1,0,0,steady_light
761500,7615,1,0,0,steady_light
761600,7616,1,0,0,steady_light
761700,7617,1,0,0,steady_light
761800,7618,1,0,0,steady_light
761900,7619,1,0,0,steady_light
762000,7620,1,0,0,steady_light
762100,7621,1,0,0,steady_light
762200,7622,1,0,0,steady_light
762300,7623,1,0,0,steady_light
762400,7624,1,0,0,steady_light
762500,7625,1,0,0,steady_light
762600,7626,1,0,0,steady_light
762700,7627,1,0,0,steady_light
762800,7628,1,0,0,steady_light
762900,7629,1,0,0,steady_light
763000,7630,1,0,0,steady_light
763100,7631,1,0,0,steady_light
763200,7632,1,0,0,steady_light
763300,7633,1,0,0,steady_light
763400,7634,1,0,0,steady_light
763500,7635,1,0,0,steady_light
763600,7636,1,0,0,steady_light
763700,7637,1,0,0,steady_light
763800,7638,1,0,0,steady_light
763900,7639,1,0,0,steady_light
764000,7640,1,0,0,steady_light
764100,7641,1,0,0,steady_light
764200,7642,1,0,0,steady_light
764300,7643,1,0,0,steady_light
764400,7644,1,0,0,steady_light
764500,7645,1,0,0,steady_light
764600,7646,1,0,0,steady_light
764700,7647,1,0,0,steady_light
764800,7648,1,0,0,steady_light
764900,7649,1,0,0,steady_light
765000,7650,1,0,0,steady_light
765100,7651,1,0,0,steady_light
765200,7652,1,0,0,steady_light
765300,7653,1,0,0,steady_light
765400,7654,1,0,0,steady_light
765500,7655,1,0,0,steady_light
765600,7656,1,0,0,steady_light
765700,7657,1,0,0,steady_light
765800,7658,1,0,0,steady_light
765900,7659,1,0,0,steady_light
766000,7660,1,0,0,steady_light
766100,7661,1,0,0,steady_light
766200,7662,1,0,0,steady_light
766300,7663,1,0,0,steady_light
766400,7664,1,0,0,steady_light
766500,7665,1,0,0,steady_light
766600,7666,1,0,0,steady_light
766700,7667,1,0,0,steady_light
766800,7668,1,0,0,steady_light
766900,7669,1,0,0,steady_light
767000,7670,1,0,0,steady_light
767100,7671,1,0,0,steady_light
767200,7672,1,0,0,steady_light
767300,7673,1,0,0,steady_light
767400,7674,1,0,0,steady_light
767500,7675,1,0,0,steady_light
767600,7676,1,0,0,steady_light
767700,7677,1,0,0,steady_light
767800,7678,1,0,0,steady_light
767900,7679,1,0,0,steady_light
768000,7680,1,0,0,steady_light
768100,7681,1,0,0,steady_light
768200,7682,1,0,0,steady_light
768300,7683,1,0,0,steady_light
768400,7684,1,0,0,steady_light
768500,7685,1,0,0,steady_light
768600,7686,1,0,0,steady_light
768700,7687,1,0,0,steady_light
768800,7688,1,0,0,steady_light
768900,7689,1,0,0,steady_light
769000,7690,1,0,0,steady_light
769100,7691,1,0,0,steady_light
769200,7692,1,0,0,steady_light
769300,7693,1,0,0,steady_light
769400,7694,1,0,0,steady_light
769500,7695,1,0,0,steady_light
769600,7696,1,0,0,steady_light
769700,7697,1,0,0,steady_light
769800,7698,1,0,0,steady_light
769900,7699,1,0,0,steady_light
770000,7700,1,0,0,steady_light
770100,7701,1,0,0,steady_light
770200,7702,1,0,0,steady_light
770300,7703,1,0,0,steady_light
770400,7704,1,0,0,steady_light
770500,7705,1,0,0,steady_light
770600,7706,1,0,0,steady_light
770700,7707,1,0,0,steady_light
770800,7708,1,0,0,steady_light
770900,7709,1,0,0,steady_light
771000,7710,1,0,0,steady_light
771100,7711,1,0,0,steady_light
771200,7712,1,0,0,steady_light
771300,7713,1,0,0,steady_light
771400,7714,1,0,0,steady_light
771500,7715,1,0,0,steady_light
771600,7716,1,0,0,steady_light
771700,7717,1,0,0,steady_light
771800,7718,1,0,0,steady_light
771900,7719,1,0,0,steady_light
772000,7720,1,0,0,steady_light
772100,7721,1,0,0,steady_light
772200,7722,1,0,0,steady_light
772300,7723,1,0,0,steady_light
772400,7724,1,0,0,steady_light
772500,7725,1,0,0,steady_light
772600,7726,1,0,0,steady_light
772700,7727,1,0,0,steady_light
772800,7728,1,0,0,steady_light
772900,7729,1,0,0,steady_light
773000,7730,1,0,0,steady_light
773100,7731,1,0,0,steady_light
773200,7732,1,0,0,steady_light
773300,7733,1,0,0,steady_light
773400,7734,1,0,0,steady_light
773500,7735,1,0,0,steady_light
773600,7736,1,0,0,steady_light
773700,7737,1,0,0,steady_light
773800,7738,1,0,0,steady_light
773900,7739,1,0,0,steady_light
774000,7740,1,0,0,steady_light
774100,7741,1,0,0,steady_light
774200,7742,1,0,0,steady_light
774300,7743,1,0,0,steady_light
774400,7744,1,0,0,steady_light
774500,7745,1,0,0,steady_light
774600,7746,1,0,0,steady_light
774700,7747,1,0,0,steady_light
774800,7748,1,0,0,steady_light
774900,7749,1,0,0,steady_light
775000,7750,1,0,0,steady_light
775100,7751,1,0,0,steady_light
775200,7752,1,0,0,steady_light
775300,7753,1,0,0,steady_light
775400,7754,1,0,0,steady_light
775500,7755,1,0,0,steady_light
775600,7756,1,0,0,steady_light
775700,7757,1,0,0,steady_light
775800,7758,1,0,0,steady_light
775900,7759,1,0,0,steady_light
776000,7760,1,0,0,steady_light
776100,7761,1,0,0,steady_light
776200,7762,1,0,0,steady_light
776300,7763,1,0,0,steady_light
776400,7764,1,0,0,steady_light
776500,7765,1,0,0,steady_light
776600,7766,1,0,0,steady_light
776700,7767,1,0,0,steady_light
776800,7768,1,0,0,steady_light
776900,7769,1,0,0,steady_light
777000,7770,1,0,0,steady_light
777100,7771,1,0,0,steady_light
777200,7772,1,0,0,steady_light
777300,7773,1,0,0,steady_light
777400,7774,1,0,0,steady_light
777500,7775,1,0,0,steady_light
777600,7776,1,0,0,steady_light
777700,7777,1,0,0,steady_light
777800,7778,1,0,0,steady_light
777900,7779,1,0,0,steady_light
778000,7780,1,0,0,steady_light
778100,7781,1,0,0,steady_light
778200,7782,1,0,0,steady_light
778300,7783,1,0,0,steady_light
778400,7784,1,0,0,steady_light
778500,7785,1,0,0,steady_light
778600,7786,1,0,0,steady_light
778700,7787,1,0,0,steady_light
778800,7788,1,0,0,steady_light
778900,7789,1,0,0,steady_light
779000,7790,1,0,0,steady_light
779100,7791,1,0,0,steady_light
779200,7792,1,0,0,steady_light
779300,7793,1,0,0,steady_light
779400,7794,1,0,0,steady_light
779500,7795,1,0,0,steady_light
779600,7796,1,0,0,steady_light
779700,7797,1,0,0,steady_light
779800,7798,1,0,0,steady_light
779900,7799,1,0,0,steady_light
780000,7800,1,0,0,steady_light
780100,7801,1,0,0,steady_light
780200,7802,1,0,0,steady_light
780300,7803,1,0,0,steady_light
780400,7804,1,0,0,steady_light
780500,7805,1,0,0,steady_light
780600,7806,1,0,0,steady_light
780700,7807,1,0,0,steady_light
780800,7808,1,0,0,steady_light
780900,7809,1,0,0,steady_light
781000,7810,1,0,0,steady_light
781100,7811,1,0,0,steady_light
781200,7812,1,0,0,steady_light
781300,7813,1,0,0,steady_light
781400,7814,1,0,0,steady_light
781500,7815,1,0,0,steady_light
781600,7816,1,0,0,steady_light
781700,7817,1,0,0,steady_light
781800,7818,0,1,1,transition_light_to_dark
781900,7819,0,1,1,steady_dark
782000,7820,0,1,1,steady_dark
782100,7821,0,1,1,steady_dark
782200,7822,0,1,1,steady_dark
782300,7823,0,1,1,steady_dark
782400,7824,0,1,1,steady_dark
782500,7825,0,1,1,steady_dark
782600,7826,0,1,1,steady_dark
782700,7827,0,1,1,steady_dark
782800,7828,0,1,1,steady_dark
782900,7829,0,0,1,steady_dark
783000,7830,0,0,1,steady_dark
783100,7831,0,0,1,steady_dark
783200,7832,0,0,1,steady_dark
783300,7833,0,0,1,steady_dark
783400,7834,0,0,1,steady_dark
783500,7835,0,0,1,steady_dark
783600,7836,0,0,1,steady_dark
783700,7837,0,0,1,steady_dark
783800,7838,0,0,1,steady_dark
783900,7839,0,0,1,steady_dark
784000,7840,0,0,1,steady_dark
784100,7841,0,0,1,steady_dark
784200,7842,0,0,1,steady_dark
784300,7843,0,0,1,steady_dark
784400,7844,0,0,1,steady_dark
784500,7845,0,0,1,steady_dark
784600,7846,0,0,1,steady_dark
784700,7847,0,0,1,steady_dark
784800,7848,0,0,1,steady_dark
784900,7849,0,0,1,steady_dark
785000,7850,0,0,1,steady_dark
785100,7851,0,0,1,steady_dark
785200,7852,0,0,1,steady_dark
785300,7853,0,0,1,steady_dark
785400,7854,0,0,1,steady_dark
785500,7855,0,0,1,steady_dark
785600,7856,0,0,1,steady_dark
785700,7857,0,0,1,steady_dark
785800,7858,0,0,1,steady_dark
785900,7859,0,0,1,steady_dark
786000,7860,0,0,1,steady_dark
786100,7861,0,0,1,steady_dark
786200,7862,0,0,1,steady_dark
786300,7863,0,0,1,steady_dark
786400,7864,0,0,1,steady_dark
786500,7865,0,0,1,steady_dark
786600,7866,0,0,1,steady_dark
786700,7867,0,0,1,steady_dark
786800,7868,0,0,1,steady_dark
786900,7869,0,0,1,steady_dark
787000,7870,0,1,1,steady_dark
787100,7871,0,1,1,steady_dark
787200,7872,0,1,1,steady_dark
787300,7873,0,1,1,steady_dark
787400,7874,0,1,1,steady_dark
787500,7875,0,1,1,steady_dark
787600,7876,0,1,1,steady_dark
787700,7877,0,1,1,steady_dark
787800,7878,0,1,1,steady_dark
787900,7879,0,1,1,steady_dark
788000,7880,0,0,1,steady_dark
788100,7881,0,0,1,steady_dark
788200,7882,0,0,1,steady_dark
788300,7883,0,0,1,steady_dark
788400,7884,0,0,1,steady_dark
788500,7885,0,0,1,steady_dark
788600,7886,0,0,1,steady_dark
788700,7887,0,0,1,steady_dark
788800,7888,0,0,1,steady_dark
788900,7889,0,0,1,steady_dark
789000,7890,0,0,1,steady_dark
789100,7891,0,0,1,steady_dark
789200,7892,0,0,1,steady_dark
789300,7893,0,0,1,steady_dark
789400,7894,0,0,1,steady_dark
789500,7895,1,0,1,transition_dark_to_light
789600,7896,1,0,1,steady_light
789700,7897,1,0,1,steady_light
789800,7898,1,0,1,steady_light
789900,7899,1,0,1,steady_light
790000,7900,1,0,1,steady_light
790100,7901,1,0,1,steady_light
790200,7902,1,0,1,steady_light
790300,7903,1,0,1,steady_light
790400,7904,1,0,1,steady_light
790500,7905,1,0,1,steady_light
790600,7906,1,0,1,steady_light
790700,7907,1,0,1,steady_light
790800,7908,1,0,1,steady_light
790900,7909,1,0,1,steady_light
791000,7910,1,0,1,steady_light
791100,7911,1,0,0,steady_light
791200,7912,1,0,0,steady_light
791300,7913,1,0,0,steady_light
791400,7914,1,0,0,steady_light
791500,7915,1,0,0,steady_light
791600,7916,1,0,0,steady_light
791700,7917,1,0,0,steady_light
791800,7918,1,0,0,steady_light
791900,7919,1,0,0,steady_light
792000,7920,1,0,0,steady_light
792100,7921,1,0,0,steady_light
792200,7922,1,0,0,steady_light
792300,7923,1,0,0,steady_light
792400,7924,1,0,0,steady_light
792500,7925,1,0,0,steady_light
792600,7926,1,0,0,steady_light
792700,7927,1,0,0,steady_light
792800,7928,1,0,0,steady_light
792900,7929,1,0,0,steady_light
793000,7930,1,0,0,steady_light
793100,7931,1,0,0,steady_light
793200,7932,1,0,0,steady_light
793300,7933,1,0,0,steady_light
793400,7934,1,0,0,steady_light
793500,7935,1,0,0,steady_light
793600,7936,1,0,0,steady_light
793700,7937,1,0,0,steady_light
793800,7938,1,0,0,steady_light
793900,7939,1,0,0,steady_light
794000,7940,1,0,0,steady_light
794100,7941,1,0,0,steady_light
794200,7942,1,0,0,steady_light
794300,7943,1,0,0,steady_light
794400,7944,1,0,0,steady_light
794500,7945,1,0,0,steady_light
794600,7946,1,0,0,steady_light
794700,7947,1,0,0,steady_light
794800,7948,1,0,0,steady_light
794900,7949,1,0,0,steady_light
795000,7950,1,0,0,steady_light
795100,7951,1,0,0,steady_light
795200,7952,1,0,0,steady_light
795300,7953,1,0,0,steady_light
795400,7954,1,0,0,steady_light
795500,7955,1,0,0,steady_light
795600,7956,1,0,0,steady_light
795700,7957,1,0,0,steady_light
795800,7958,1,0,0,steady_light
795900,7959,0,1,1,transition_light_to_dark
796000,7960,0,1,1,steady_dark
796100,7961,0,1,1,steady_dark
796200,7962,0,1,1,steady_dark
796300,7963,0,1,1,steady_dark
796400,7964,0,1,1,steady_dark
796500,7965,0,1,1,steady_dark
796600,7966,0,1,1,steady_dark
796700,7967,0,1,1,steady_dark
796800,7968,0,1,1,steady_dark
796900,7969,0,0,1,steady_dark
797000,7970,0,0,1,steady_dark
797100,7971,0,0,1,steady_dark
797200,7972,0,0,1,steady_dark
797300,7973,0,0,1,steady_dark
797400,7974,0,0,1,steady_dark
797500,7975,0,0,1,steady_dark
797600,7976,0,0,1,steady_dark
797700,7977,0,0,1,steady_dark
797800,7978,0,0,1,steady_dark
797900,7979,0,0,1,steady_dark
798000,7980,0,0,1,steady_dark
798100,7981,0,0,1,steady_dark
798200,7982,0,0,1,steady_dark
798300,7983,0,0,1,steady_dark
798400,7984,0,0,1,steady_dark
798500,7985,0,0,1,steady_dark
798600,7986,0,0,1,steady_dark
798700,7987,0,0,1,steady_dark
798800,7988,0,0,1,steady_dark
798900,7989,0,0,1,steady_dark
799000,7990,0,0,1,steady_dark
799100,7991,0,0,1,steady_dark
799200,7992,0,0,1,steady_dark
799300,7993,0,0,1,steady_dark
799400,7994,0,0,1,steady_dark
799500,7995,0,0,1,steady_dark
799600,7996,0,0,1,steady_dark
799700,7997,0,0,1,steady_dark
799800,7998,0,0,1,steady_dark
799900,7999,0,0,1,steady_dark
800000,8000,0,0,1,steady_dark
800100,8001,0,0,1,steady_dark
800200,8002,0,0,1,steady_dark
800300,8003,0,0,1,steady_dark
800400,8004,0,0,1,steady_dark
800500,8005,0,0,1,steady_dark
800600,8006,0,0,1,steady_dark
800700,8007,0,0,1,steady_dark
800800,8008,0,0,1,steady_dark
800900,8009,0,0,1,steady_dark
801000,8010,0,0,1,steady_dark
801100,8011,0,0,1,steady_dark
801200,8012,0,1,1,steady_dark
801300,8013,0,1,1,steady_dark
801400,8014,0,1,1,steady_dark
801500,8015,0,1,1,steady_dark
801600,8016,0,1,1,steady_dark
801700,8017,0,1,1,steady_dark
801800,8018,0,1,1,steady_dark
801900,8019,0,1,1,steady_dark
802000,8020,0,1,1,steady_dark
802100,8021,0,1,1,steady_dark
802200,8022,0,0,1,steady_dark
802300,8023,0,0,1,steady_dark
802400,8024,0,0,1,steady_dark
802500,8025,0,0,1,steady_dark
802600,8026,0,0,1,steady_dark
802700,8027,0,0,1,steady_dark
802800,8028,0,0,1,steady_dark
802900,8029,0,0,1,steady_dark
803000,8030,0,0,1,steady_dark
803100,8031,0,0,1,steady_dark
803200,8032,0,0,1,steady_dark
803300,8033,0,0,1,steady_dark
803400,8034,0,0,1,steady_dark
803500,8035,0,0,1,steady_dark
803600,8036,0,0,1,steady_dark
803700,8037,0,0,1,steady_dark
803800,8038,0,0,1,steady_dark
803900,8039,0,0,1,steady_dark
804000,8040,0,0,1,steady_dark
804100,8041,0,0,1,steady_dark
804200,8042,0,0,1,steady_dark
804300,8043,0,0,1,steady_dark
804400,8044,0,0,1,steady_dark
804500,8045,0,0,1,steady_dark
804600,8046,0,0,1,steady_dark
804700,8047,0,1,1,steady_dark
804800,8048,0,1,1,steady_dark
804900,8049,0,1,1,steady_dark
805000,8050,0,1,1,steady_dark
805100,8051,0,1,1,steady_dark
805200,8052,0,1,1,steady_dark
805300,8053,0,1,1,steady_dark
805400,8054,0,1,1,steady_dark
805500,8055,0,1,1,steady_dark
805600,8056,0,1,1,steady_dark
805700,8057,0,0,1,steady_dark
805800,8058,0,0,1,steady_dark
805900,8059,0,0,1,steady_dark
806000,8060,0,0,1,steady_dark
806100,8061,0,0,1,steady_dark
806200,8062,0,0,1,steady_dark
806300,8063,0,0,1,steady_dark
806400,8064,0,0,1,steady_dark
806500,8065,0,0,1,steady_dark
806600,8066,0,0,1,steady_dark
806700,8067,0,0,1,steady_dark
806800,8068,0,0,1,steady_dark
806900,8069,0,0,1,steady_dark
807000,8070,0,0,1,steady_dark
807100,8071,0,0,1,steady_dark
807200,8072,0,0,1,steady_dark
807300,8073,0,0,1,steady_dark
807400,8074,0,0,1,steady_dark
807500,8075,0,0,1,steady_dark
807600,8076,0,0,1,steady_dark
807700,8077,0,0,1,steady_dark
807800,8078,0,0,1,steady_dark
807900,8079,0,0,1,steady_dark
808000,8080,0,0,1,steady_dark
808100,8081,0,0,1,steady_dark
808200,8082,0,0,1,steady_dark
808300,8083,0,0,1,steady_dark
808400,8084,0,0,1,steady_dark
808500,8085,0,0,1,steady_dark
808600,8086,0,0,1,steady_dark
808700,8087,0,0,1,steady_dark
808800,8088,0,0,1,steady_dark
808900,8089,0,0,1,steady_dark
809000,8090,0,0,1,steady_dark
809100,8091,0,0,1,steady_dark
809200,8092,0,0,1,steady_dark
809300,8093,0,1,1,steady_dark
809400,8094,0,1,1,steady_dark
809500,8095,0,1,1,steady_dark
809600,8096,0,1,1,steady_dark
809700,8097,0,1,1,steady_dark
809800,8098,0,1,1,steady_dark
809900,8099,0,1,1,steady_dark
810000,8100,0,1,1,steady_dark
810100,8101,0,1,1,steady_dark
810200,8102,0,1,1,steady_dark
810300,8103,0,1,1,steady_dark
810400,8104,0,0,1,steady_dark
810500,8105,0,0,1,steady_dark
810600,8106,0,0,1,steady_dark
810700,8107,0,0,1,steady_dark
810800,8108,0,0,1,steady_dark
810900,8109,0,0,1,steady_dark
811000,8110,0,0,1,steady_dark
811100,8111,0,0,1,steady_dark
811200,8112,0,0,1,steady_dark
811300,8113,0,0,1,steady_dark
811400,8114,0,0,1,steady_dark
811500,8115,0,0,1,steady_dark
811600,8116,0,0,1,steady_dark
811700,8117,0,0,1,steady_dark
811800,8118,0,0,1,steady_dark
811900,8119,0,0,1,steady_dark
812000,8120,0,0,1,steady_dark
812100,8121,0,0,1,steady_dark
812200,8122,0,0,1,steady_dark
812300,8123,0,0,1,steady_dark
812400,8124,0,0,1,steady_dark
812500,8125,0,1,1,steady_dark
812600,8126,0,1,1,steady_dark
812700,8127,0,1,1,steady_dark
812800,8128,0,1,1,steady_dark
812900,8129,0,1,1,steady_dark
813000,8130,0,1,1,steady_dark
813100,8131,0,1,1,steady_dark
813200,8132,0,1,1,steady_dark
813300,8133,0,1,1,steady_dark
813400,8134,0,1,1,steady_dark
813500,8135,0,0,1,steady_dark
813600,8136,0,0,1,steady_dark
813700,8137,0,0,1,steady_dark
813800,8138,0,0,1,steady_dark
813900,8139,0,0,1,steady_dark
814000,8140,0,0,1,steady_dark
814100,8141,0,0,1,steady_dark
814200,8142,0,0,1,steady_dark
814300,8143,0,0,1,steady_dark
814400,8144,0,0,1,steady_dark
814500,8145,0,0,1,steady_dark
814600,8146,0,0,1,steady_dark
814700,8147,0,0,1,steady_dark
814800,8148,0,0,1,steady_dark
814900,8149,0,0,1,steady_dark
815000,8150,0,0,1,steady_dark
815100,8151,0,0,1,steady_dark
815200,8152,0,0,1,steady_dark
815300,8153,0,0,1,steady_dark
815400,8154,0,0,1,steady_dark
815500,8155,0,0,1,steady_dark
815600,8156,0,0,1,steady_dark
815700,8157,0,0,1,steady_dark
815800,8158,0,0,1,steady_dark
815900,8159,0,0,1,steady_dark
816000,8160,0,0,1,steady_dark
816100,8161,0,0,1,steady_dark
816200,8162,0,0,1,steady_dark
816300,8163,0,0,1,steady_dark
816400,8164,0,0,1,steady_dark
816500,8165,0,1,1,steady_dark
816600,8166,0,1,1,steady_dark
816700,8167,0,1,1,steady_dark
816800,8168,0,1,1,steady_dark
816900,8169,0,1,1,steady_dark
817000,8170,0,1,1,steady_dark
817100,8171,0,1,1,steady_dark
817200,8172,0,1,1,steady_dark
817300,8173,0,1,1,steady_dark
817400,8174,0,1,1,steady_dark
817500,8175,0,0,1,steady_dark
817600,8176,0,0,1,steady_dark
817700,8177,0,0,1,steady_dark
817800,8178,0,0,1,steady_dark
817900,8179,0,0,1,steady_dark
818000,8180,0,0,1,steady_dark
818100,8181,0,0,1,steady_dark
818200,8182,0,0,1,steady_dark
818300,8183,0,0,1,steady_dark
818400,8184,0,0,1,steady_dark
818500,8185,0,0,1,steady_dark
818600,8186,0,0,1,steady_dark
818700,8187,0,0,1,steady_dark
818800,8188,0,0,1,steady_dark
818900,8189,0,0,1,steady_dark
819000,8190,0,0,1,steady_dark
819100,8191,0,0,1,steady_dark
819200,8192,0,0,1,steady_dark
819300,8193,0,0,1,steady_dark
819400,8194,0,0,1,steady_dark
819500,8195,0,0,1,steady_dark
819600,8196,0,0,1,steady_dark
819700,8197,0,0,1,steady_dark
819800,8198,0,0,1,steady_dark
819900,8199,0,0,1,steady_dark
820000,8200,0,0,1,steady_dark
820100,8201,0,0,1,steady_dark
820200,8202,0,0,1,steady_dark
820300,8203,0,0,1,steady_dark
820400,8204,0,0,1,steady_dark
820500,8205,0,0,1,steady_dark
820600,8206,0,0,1,steady_dark
820700,8207,0,0,1,steady_dark
820800,8208,0,0,1,steady_dark
820900,8209,0,1,1,steady_dark
821000,8210,0,1,1,steady_dark
821100,8211,0,1,1,steady_dark
821200,8212,0,1,1,steady_dark
821300,8213,0,1,1,steady_dark
821400,8214,0,1,1,steady_dark
821500,8215,0,1,1,steady_dark
821600,8216,0,1,1,steady_dark
821700,8217,0,1,1,steady_dark
821800,8218,0,1,1,steady_dark
821900,8219,0,0,1,steady_dark
822000,8220,0,0,1,steady_dark
822100,8221,0,0,1,steady_dark
822200,8222,0,0,1,steady_dark
822300,8223,0,0,1,steady_dark
822400,8224,0,0,1,steady_dark
822500,8225,0,0,1,steady_dark
822600,8226,0,0,1,steady_dark
822700,8227,0,0,1,steady_dark
822800,8228,0,0,1,steady_dark
822900,8229,0,0,1,steady_dark
823000,8230,0,0,1,steady_dark
823100,8231,0,0,1,steady_dark
823200,8232,0,0,1,steady_dark
823300,8233,0,0,1,steady_dark
823400,8234,0,0,1,steady_dark
823500,8235,0,0,1,steady_dark
823600,8236,0,0,1,steady_dark
823700,8237,0,0,1,steady_dark
823800,8238,0,0,1,steady_dark
823900,8239,0,0,1,steady_dark
824000,8240,0,0,1,steady_dark
824100,8241,0,0,1,steady_dark
824200,8242,0,1,1,steady_dark
824300,8243,0,1,1,steady_dark
824400,8244,0,1,1,steady_dark
824500,8245,0,1,1,steady_dark
824600,8246,0,1,1,steady_dark
824700,8247,0,1,1,steady_dark
824800,8248,0,1,1,steady_dark
824900,8249,0,1,1,steady_dark
825000,8250,0,1,1,steady_dark
825100,8251,0,1,1,steady_dark
825200,8252,0,0,1,steady_dark
825300,8253,0,0,1,steady_dark
825400,8254,0,0,1,steady_dark
825500,8255,0,0,1,steady_dark
825600,8256,0,0,1,steady_dark
825700,8257,0,0,1,steady_dark
825800,8258,0,0,1,steady_dark
825900,8259,0,0,1,steady_dark
826000,8260,0,0,1,steady_dark
826100,8261,0,0,1,steady_dark
826200,8262,0,0,1,steady_dark
826300,8263,0,0,1,steady_dark
826400,8264,0,0,1,steady_dark
826500,8265,0,0,1,steady_dark
826600,8266,0,0,1,steady_dark
826700,8267,0,0,1,steady_dark
826800,8268,0,0,1,steady_dark
826900,8269,0,0,1,steady_dark
827000,8270,0,0,1,steady_dark
827100,8271,0,0,1,steady_dark
827200,8272,0,0,1,steady_dark
827300,8273,0,0,1,steady_dark
827400,8274,0,0,1,steady_dark
827500,8275,0,0,1,steady_dark
827600,8276,0,0,1,steady_dark
827700,8277,0,0,1,steady_dark
827800,8278,0,0,1,steady_dark
827900,8279,0,0,1,steady_dark
828000,8280,0,0,1,steady_dark
828100,8281,0,0,1,steady_dark
828200,8282,0,0,1,steady_dark
828300,8283,0,0,1,steady_dark
828400,8284,0,0,1,steady_dark
828500,8285,0,0,1,steady_dark
828600,8286,0,0,1,steady_dark
828700,8287,0,0,1,steady_dark
828800,8288,0,0,1,steady_dark
828900,8289,0,0,1,steady_dark
829000,8290,0,0,1,steady_dark
829100,8291,0,0,1,steady_dark
829200,8292,0,1,1,steady_dark
829300,8293,0,1,1,steady_dark
829400,8294,0,1,1,steady_dark
829500,8295,0,1,1,steady_dark
829600,8296,0,1,1,steady_dark
829700,8297,0,1,1,steady_dark
829800,8298,0,1,1,steady_dark
829900,8299,0,1,1,steady_dark
830000,8300,0,1,1,steady_dark
830100,8301,0,1,1,steady_dark
830200,8302,0,0,1,steady_dark
830300,8303,0,0,1,steady_dark
830400,8304,0,0,1,steady_dark
830500,8305,0,0,1,steady_dark
830600,8306,0,0,1,steady_dark
830700,8307,0,0,1,steady_dark
830800,8308,0,0,1,steady_dark
830900,8309,0,0,1,steady_dark
831000,8310,0,0,1,steady_dark
831100,8311,0,0,1,steady_dark
831200,8312,0,0,1,steady_dark
831300,8313,0,0,1,steady_dark
831400,8314,0,0,1,steady_dark
831500,8315,0,0,1,steady_dark
831600,8316,0,0,1,steady_dark
831700,8317,0,0,1,steady_dark
831800,8318,0,0,1,steady_dark
831900,8319,0,0,1,steady_dark
832000,8320,0,0,1,steady_dark
832100,8321,0,0,1,steady_dark
832200,8322,0,0,1,steady_dark
832300,8323,0,1,1,steady_dark
832400,8324,0,1,1,steady_dark
832500,8325,0,1,1,steady_dark
832600,8326,0,1,1,steady_dark
832700,8327,0,1,1,steady_dark
832800,8328,0,1,1,steady_dark
832900,8329,0,1,1,steady_dark
833000,8330,0,1,1,steady_dark
833100,8331,0,1,1,steady_dark
833200,8332,0,1,1,steady_dark
833300,8333,0,0,1,steady_dark
833400,8334,0,0,1,steady_dark
833500,8335,0,0,1,steady_dark
833600,8336,0,0,1,steady_dark
833700,8337,0,0,1,steady_dark
833800,8338,0,0,1,steady_dark
833900,8339,0,0,1,steady_dark
834000,8340,0,0,1,steady_dark
834100,8341,0,0,1,steady_dark
834200,8342,0,0,1,steady_dark
834300,8343,0,0,1,steady_dark
834400,8344,0,0,1,steady_dark
834500,8345,0,0,1,steady_dark
834600,8346,0,0,1,steady_dark
834700,8347,0,0,1,steady_dark
834800,8348,0,0,1,steady_dark
834900,8349,0,0,1,steady_dark
835000,8350,0,0,1,steady_dark
835100,8351,0,0,1,steady_dark
835200,8352,0,0,1,steady_dark
835300,8353,0,0,1,steady_dark
835400,8354,0,0,1,steady_dark
835500,8355,0,0,1,steady_dark
835600,8356,0,0,1,steady_dark
835700,8357,0,0,1,steady_dark
835800,8358,0,0,1,steady_dark
835900,8359,0,0,1,steady_dark
836000,8360,0,1,1,steady_dark
836100,8361,0,1,1,steady_dark
836200,8362,0,1,1,steady_dark
836300,8363,0,1,1,steady_dark
836400,8364,0,1,1,steady_dark
836500,8365,0,1,1,steady_dark
836600,8366,0,1,1,steady_dark
836700,8367,0,1,1,steady_dark
836800,8368,0,1,1,steady_dark
836900,8369,0,1,1,steady_dark
837000,8370,0,0,1,steady_dark
837100,8371,0,0,1,steady_dark
837200,8372,0,0,1,steady_dark
837300,8373,0,0,1,steady_dark
837400,8374,0,0,1,steady_dark
837500,8375,0,0,1,steady_dark
837600,8376,0,0,1,steady_dark
837700,8377,0,0,1,steady_dark
837800,8378,0,0,1,steady_dark
837900,8379,0,0,1,steady_dark
838000,8380,0,0,1,steady_dark
838100,8381,0,0,1,steady_dark
838200,8382,0,0,1,steady_dark
838300,8383,0,0,1,steady_dark
838400,8384,0,0,1,steady_dark
838500,8385,0,0,1,steady_dark
838600,8386,0,0,1,steady_dark
838700,8387,0,0,1,steady_dark
838800,8388,0,0,1,steady_dark
838900,8389,0,0,1,steady_dark
839000,8390,0,0,1,steady_dark
839100,8391,0,0,1,steady_dark
839200,8392,0,0,1,steady_dark
839300,8393,0,0,1,steady_dark
839400,8394,0,0,1,steady_dark
839500,8395,0,0,1,steady_dark
839600,8396,0,0,1,steady_dark
839700,8397,0,0,1,steady_dark
839800,8398,0,0,1,steady_dark
839900,8399,0,0,1,steady_dark
840000,8400,0,0,1,steady_dark
840100,8401,0,0,1,steady_dark
840200,8402,0,0,1,steady_dark
840300,8403,0,0,1,steady_dark
840400,8404,0,0,1,steady_dark
840500,8405,0,0,1,steady_dark
840600,8406,0,0,1,steady_dark
840700,8407,0,0,1,steady_dark
840800,8408,0,1,1,steady_dark
840900,8409,0,1,1,steady_dark
841000,8410,0,1,1,steady_dark
841100,8411,0,1,1,steady_dark
841200,8412,0,1,1,steady_dark
841300,8413,0,1,1,steady_dark
841400,8414,0,1,1,steady_dark
841500,8415,0,1,1,steady_dark
841600,8416,0,1,1,steady_dark
841700,8417,0,1,1,steady_dark
841800,8418,0,1,1,steady_dark
841900,8419,0,0,1,steady_dark
842000,8420,0,0,1,steady_dark
842100,8421,0,0,1,steady_dark
842200,8422,0,0,1,steady_dark
842300,8423,0,0,1,steady_dark
842400,8424,0,0,1,steady_dark
842500,8425,0,0,1,steady_dark
842600,8426,0,0,1,steady_dark
842700,8427,0,0,1,steady_dark
842800,8428,0,0,1,steady_dark
842900,8429,0,0,1,steady_dark
843000,8430,0,0,1,steady_dark
843100,8431,0,0,1,steady_dark
843200,8432,0,0,1,steady_dark
843300,8433,0,0,1,steady_dark
843400,8434,0,0,1,steady_dark
843500,8435,0,0,1,steady_dark
843600,8436,0,0,1,steady_dark
843700,8437,0,0,1,steady_dark
843800,8438,0,0,1,steady_dark
843900,8439,0,0,1,steady_dark
844000,8440,0,0,1,steady_dark
844100,8441,0,0,1,steady_dark
844200,8442,0,0,1,steady_dark
844300,8443,0,0,1,steady_dark
844400,8444,0,0,1,steady_dark
844500,8445,0,0,1,steady_dark
844600,8446,0,0,1,steady_dark
844700,8447,0,0,1,steady_dark
844800,8448,0,0,1,steady_dark
844900,8449,0,0,1,steady_dark
845000,8450,0,0,1,steady_dark
845100,8451,0,0,1,steady_dark
845200,8452,0,0,1,steady_dark
845300,8453,0,0,1,steady_dark
845400,8454,0,0,1,steady_dark
845500,8455,0,0,1,steady_dark
845600,8456,0,0,1,steady_dark
845700,8457,0,0,1,steady_dark
845800,8458,0,0,1,steady_dark
845900,8459,0,0,1,steady_dark
846000,8460,0,1,1,steady_dark
846100,8461,0,1,1,steady_dark
846200,8462,0,1,1,steady_dark
846300,8463,0,1,1,steady_dark
846400,8464,0,1,1,steady_dark
846500,8465,0,1,1,steady_dark
846600,8466,0,1,1,steady_dark
846700,8467,0,1,1,steady_dark
846800,8468,0,1,1,steady_dark
846900,8469,0,1,1,steady_dark
847000,8470,0,1,1,steady_dark
847100,8471,0,0,1,steady_dark
847200,8472,0,0,1,steady_dark
847300,8473,0,0,1,steady_dark
847400,8474,0,0,1,steady_dark
847500,8475,0,0,1,steady_dark
847600,8476,0,0,1,steady_dark
847700,8477,0,0,1,steady_dark
847800,8478,0,0,1,steady_dark
847900,8479,0,0,1,steady_dark
848000,8480,0,0,1,steady_dark
848100,8481,0,0,1,steady_dark
848200,8482,0,0,1,steady_dark
848300,8483,0,0,1,steady_dark
848400,8484,0,0,1,steady_dark
848500,8485,0,0,1,steady_dark
848600,8486,0,0,1,steady_dark
848700,8487,0,0,1,steady_dark
848800,8488,0,0,1,steady_dark
848900,8489,0,0,1,steady_dark
849000,8490,0,0,1,steady_dark
849100,8491,0,0,1,steady_dark
849200,8492,0,0,1,steady_dark
849300,8493,0,0,1,steady_dark
849400,8494,0,1,1,steady_dark
849500,8495,0,1,1,steady_dark
849600,8496,0,1,1,steady_dark
849700,8497,0,1,1,steady_dark
849800,8498,0,1,1,steady_dark
849900,8499,0,1,1,steady_dark
850000,8500,0,1,1,steady_dark
850100,8501,0,1,1,steady_dark
850200,8502,0,1,1,steady_dark
850300,8503,0,1,1,steady_dark
850400,8504,0,1,1,steady_dark
850500,8505,0,0,1,steady_dark
850600,8506,0,0,1,steady_dark
850700,8507,0,0,1,steady_dark
850800,8508,0,0,1,steady_dark
850900,8509,0,0,1,steady_dark
851000,8510,0,0,1,steady_dark
851100,8511,0,0,1,steady_dark
851200,8512,0,0,1,steady_dark
851300,8513,0,0,1,steady_dark
851400,8514,0,0,1,steady_dark
851500,8515,0,0,1,steady_dark
851600,8516,0,0,1,steady_dark
851700,8517,0,0,1,steady_dark
851800,8518,0,0,1,steady_dark
851900,8519,0,0,1,steady_dark
852000,8520,0,0,1,steady_dark
852100,8521,0,0,1,steady_dark
852200,8522,0,0,1,steady_dark
852300,8523,0,0,1,steady_dark
852400,8524,0,0,1,steady_dark
852500,8525,0,0,1,steady_dark
852600,8526,0,0,1,steady_dark
852700,8527,0,0,1,steady_dark
852800,8528,0,0,1,steady_dark
852900,8529,0,0,1,steady_dark
853000,8530,0,0,1,steady_dark
853100,8531,0,0,1,steady_dark
853200,8532,0,1,1,steady_dark
853300,8533,0,1,1,steady_dark
853400,8534,0,1,1,steady_dark
853500,8535,0,1,1,steady_dark
853600,8536,0,1,1,steady_dark
853700,8537,0,1,1,steady_dark
853800,8538,0,1,1,steady_dark
853900,8539,0,1,1,steady_dark
854000,8540,0,1,1,steady_dark
854100,8541,0,1,1,steady_dark
854200,8542,0,1,1,steady_dark
854300,8543,0,0,1,steady_dark
854400,8544,0,0,1,steady_dark
854500,8545,0,0,1,steady_dark
854600,8546,0,0,1,steady_dark
854700,8547,0,0,1,steady_dark
854800,8548,0,0,1,steady_dark
854900,8549,0,0,1,steady_dark
855000,8550,0,0,1,steady_dark
855100,8551,0,0,1,steady_dark
855200,8552,0,0,1,steady_dark
855300,8553,0,0,1,steady_dark
855400,8554,0,0,1,steady_dark
855500,8555,0,0,1,steady_dark
855600,8556,0,0,1,steady_dark
855700,8557,0,0,1,steady_dark
855800,8558,0,0,1,steady_dark
855900,8559,0,0,1,steady_dark
856000,8560,0,0,1,steady_dark
856100,8561,0,0,1,steady_dark
856200,8562,0,0,1,steady_dark
856300,8563,0,0,1,steady_dark
856400,8564,0,0,1,steady_dark
856500,8565,0,0,1,steady_dark
856600,8566,0,0,1,steady_dark
856700,8567,0,0,1,steady_dark
856800,8568,0,0,1,steady_dark
856900,8569,0,0,1,steady_dark
857000,8570,0,0,1,steady_dark
857100,8571,0,0,1,steady_dark
857200,8572,0,0,1,steady_dark
857300,8573,0,0,1,steady_dark
857400,8574,0,0,1,steady_dark
857500,8575,0,0,1,steady_dark
857600,8576,0,0,1,steady_dark
857700,8577,0,0,1,steady_dark
857800,8578,0,0,1,steady_dark
857900,8579,0,0,1,steady_dark
858000,8580,0,0,1,steady_dark
858100,8581,0,0,1,steady_dark
858200,8582,0,0,1,steady_dark
858300,8583,0,0,1,steady_dark
858400,8584,0,0,1,steady_dark
858500,8585,0,0,1,steady_dark
858600,8586,0,0,1,steady_dark
858700,8587,0,0,1,steady_dark
858800,8588,0,1,1,steady_dark
858900,8589,0,1,1,steady_dark
859000,8590,0,1,1,steady_dark
859100,8591,0,1,1,steady_dark
859200,8592,0,1,1,steady_dark
859300,8593,0,1,1,steady_dark
859400,8594,0,1,1,steady_dark
859500,8595,0,1,1,steady_dark
859600,8596,0,1,1,steady_dark
859700,8597,0,1,1,steady_dark
859800,8598,0,1,1,steady_dark
859900,8599,0,0,1,steady_dark
860000,8600,0,0,1,steady_dark
860100,8601,0,0,1,steady_dark
860200,8602,0,0,1,steady_dark
860300,8603,0,0,1,steady_dark
860400,8604,0,0,1,steady_dark
860500,8605,0,0,1,steady_dark
860600,8606,0,0,1,steady_dark
860700,8607,0,0,1,steady_dark
860800,8608,0,0,1,steady_dark
860900,8609,0,0,1,steady_dark
861000,8610,0,0,1,steady_dark
861100,8611,0,0,1,steady_dark
861200,8612,0,0,1,steady_dark
861300,8613,0,0,1,steady_dark
861400,8614,0,0,1,steady_dark
861500,8615,0,0,1,steady_dark
861600,8616,0,0,1,steady_dark
861700,8617,0,0,1,steady_dark
861800,8618,0,0,1,steady_dark
861900,8619,0,0,1,steady_dark
862000,8620,0,0,1,steady_dark
862100,8621,0,0,1,steady_dark
862200,8622,0,0,1,steady_dark
862300,8623,0,0,1,steady_dark
862400,8624,0,0,1,steady_dark
862500,8625,0,0,1,steady_dark
862600,8626,0,0,1,steady_dark
862700,8627,0,0,1,steady_dark
862800,8628,0,0,1,steady_dark
862900,8629,0,0,1,steady_dark
863000,8630,0,0,1,steady_dark
863100,8631,0,0,1,steady_dark
863200,8632,0,0,1,steady_dark
863300,8633,0,0,1,steady_dark
863400,8634,0,0,1,steady_dark
863500,8635,0,0,1,steady_dark
863600,8636,0,0,1,steady_dark
863700,8637,0,0,1,steady_dark
863800,8638,0,1,1,steady_dark
863900,8639,0,1,1,steady_dark
864000,8640,0,1,1,steady_dark
864100,8641,0,1,1,steady_dark
864200,8642,0,1,1,steady_dark
864300,8643,0,1,1,steady_dark
864400,8644,0,1,1,steady_dark
864500,8645,0,1,1,steady_dark
864600,8646,0,1,1,steady_dark
864700,8647,0,1,1,steady_dark
864800,8648,0,0,1,steady_dark
864900,8649,0,0,1,steady_dark
865000,8650,0,0,1,steady_dark
865100,8651,0,0,1,steady_dark
865200,8652,0,0,1,steady_dark
865300,8653,0,0,1,steady_dark
865400,8654,0,0,1,steady_dark
865500,8655,0,0,1,steady_dark
865600,8656,0,0,1,steady_dark
865700,8657,0,0,1,steady_dark
865800,8658,0,0,1,steady_dark
865900,8659,0,0,1,steady_dark
866000,8660,0,0,1,steady_dark
866100,8661,0,0,1,steady_dark
866200,8662,0,0,1,steady_dark
866300,8663,0,0,1,steady_dark
866400,8664,0,0,1,steady_dark
866500,8665,0,0,1,steady_dark
866600,8666,0,0,1,steady_dark
866700,8667,0,0,1,steady_dark
866800,8668,0,0,1,steady_dark
866900,8669,0,0,1,steady_dark
867000,8670,0,0,1,steady_dark
867100,8671,0,0,1,steady_dark
867200,8672,0,0,1,steady_dark
867300,8673,0,0,1,steady_dark
867400,8674,0,0,1,steady_dark
867500,8675,0,0,1,steady_dark
867600,8676,0,0,1,steady_dark
867700,8677,0,0,1,steady_dark
867800,8678,0,0,1,steady_dark
867900,8679,0,0,1,steady_dark
868000,8680,0,1,1,steady_dark
868100,8681,0,1,1,steady_dark
868200,8682,0,1,1,steady_dark
868300,8683,0,1,1,steady_dark
868400,8684,0,1,1,steady_dark
868500,8685,0,1,1,steady_dark
868600,8686,0,1,1,steady_dark
868700,8687,0,1,1,steady_dark
868800,8688,0,1,1,steady_dark
868900,8689,0,1,1,steady_dark
869000,8690,0,0,1,steady_dark
869100,8691,0,0,1,steady_dark
869200,8692,0,0,1,steady_dark
869300,8693,0,0,1,steady_dark
869400,8694,0,0,1,steady_dark
869500,8695,0,0,1,steady_dark
869600,8696,0,0,1,steady_dark
869700,8697,0,0,1,steady_dark
869800,8698,0,0,1,steady_dark
869900,8699,0,0,1,steady_dark
870000,8700,0,0,1,steady_dark
870100,8701,0,0,1,steady_dark
870200,8702,0,0,1,steady_dark
870300,8703,0,0,1,steady_dark
870400,8704,0,0,1,steady_dark
870500,8705,0,0,1,steady_dark
870600,8706,0,0,1,steady_dark
870700,8707,0,0,1,steady_dark
870800,8708,0,0,1,steady_dark
870900,8709,0,0,1,steady_dark
871000,8710,0,0,1,steady_dark
871100,8711,0,0,1,steady_dark
871200,8712,0,0,1,steady_dark
871300,8713,0,0,1,steady_dark
871400,8714,0,0,1,steady_dark
871500,8715,0,0,1,steady_dark
871600,8716,0,0,1,steady_dark
871700,8717,0,0,1,steady_dark
871800,8718,0,1,1,steady_dark
871900,8719,0,1,1,steady_dark
872000,8720,0,1,1,steady_dark
872100,8721,0,1,1,steady_dark
872200,8722,0,1,1,steady_dark
872300,8723,0,1,1,steady_dark
872400,8724,0,1,1,steady_dark
872500,8725,0,1,1,steady_dark
872600,8726,0,1,1,steady_dark
872700,8727,0,1,1,steady_dark
872800,8728,0,0,1,steady_dark
872900,8729,0,0,1,steady_dark
873000,8730,0,0,1,steady_dark
873100,8731,0,0,1,steady_dark
873200,8732,0,0,1,steady_dark
873300,8733,0,0,1,steady_dark
873400,8734,0,0,1,steady_dark
873500,8735,0,0,1,steady_dark
873600,8736,0,0,1,steady_dark
873700,8737,0,0,1,steady_dark
873800,8738,0,0,1,steady_dark
873900,8739,0,0,1,steady_dark
874000,8740,0,0,1,steady_dark
874100,8741,0,0,1,steady_dark
874200,8742,0,0,1,steady_dark
874300,8743,0,0,1,steady_dark
874400,8744,0,0,1,steady_dark
874500,8745,1,0,1,transition_dark_to_light
874600,8746,1,0,1,steady_light
874700,8747,1,0,1,steady_light
874800,8748,1,0,1,steady_light
874900,8749,1,0,1,steady_light
875000,8750,1,0,1,steady_light
875100,8751,1,0,1,steady_light
875200,8752,1,0,1,steady_light
875300,8753,1,0,1,steady_light
875400,8754,1,0,1,steady_light
875500,8755,1,0,1,steady_light
875600,8756,1,0,1,steady_light
875700,8757,1,0,0,steady_light
875800,8758,1,0,0,steady_light
875900,8759,1,0,0,steady_light
876000,8760,1,0,0,steady_light
876100,8761,1,0,0,steady_light
876200,8762,1,0,0,steady_light
876300,8763,1,0,0,steady_light
876400,8764,1,0,0,steady_light
876500,8765,1,0,0,steady_light
876600,8766,1,0,0,steady_light
876700,8767,1,0,0,steady_light
876800,8768,1,0,0,steady_light
876900,8769,1,0,0,steady_light
877000,8770,1,0,0,steady_light
877100,8771,1,0,0,steady_light
877200,8772,1,0,0,steady_light
877300,8773,1,0,0,steady_light
877400,8774,1,0,0,steady_light
877500,8775,1,0,0,steady_light
877600,8776,1,0,0,steady_light
877700,8777,1,0,0,steady_light
877800,8778,1,0,0,steady_light
877900,8779,1,0,0,steady_light
878000,8780,1,0,0,steady_light
878100,8781,1,0,0,steady_light
878200,8782,1,0,0,steady_light
878300,8783,1,0,0,steady_light
878400,8784,1,0,0,steady_light
878500,8785,1,0,0,steady_light
878600,8786,1,0,0,steady_light
878700,8787,1,0,0,steady_light
878800,8788,1,0,0,steady_light
878900,8789,1,0,0,steady_light
879000,8790,1,0,0,steady_light
879100,8791,1,0,0,steady_light
879200,8792,1,0,0,steady_light
879300,8793,1,0,0,steady_light
879400,8794,1,0,0,steady_light
879500,8795,1,0,0,steady_light
879600,8796,1,0,0,steady_light
879700,8797,1,0,0,steady_light
879800,8798,1,0,0,steady_light
879900,8799,1,0,0,steady_light
880000,8800,1,0,0,steady_light
880100,8801,1,0,0,steady_light
880200,8802,1,0,0,steady_light
880300,8803,1,0,0,steady_light
880400,8804,1,0,0,steady_light
880500,8805,1,0,0,steady_light
880600,8806,1,0,0,steady_light
880700,8807,1,0,0,steady_light
880800,8808,1,0,0,steady_light
880900,8809,1,0,0,steady_light
881000,8810,1,0,0,steady_light
881100,8811,1,0,0,steady_light
881200,8812,1,0,0,steady_light
881300,8813,1,0,0,steady_light
881400,8814,1,0,0,steady_light
881500,8815,1,0,0,steady_light
881600,8816,1,0,0,steady_light
881700,8817,1,0,0,steady_light
881800,8818,1,0,0,steady_light
881900,8819,1,0,0,steady_light
882000,8820,1,0,0,steady_light
882100,8821,1,0,0,steady_light
882200,8822,1,0,0,steady_light
882300,8823,1,0,0,steady_light
882400,8824,1,0,0,steady_light
882500,8825,1,0,0,steady_light
882600,8826,1,0,0,steady_light
882700,8827,1,0,0,steady_light
882800,8828,1,0,0,steady_light
882900,8829,1,0,0,steady_light
883000,8830,1,0,0,steady_light
883100,8831,1,0,0,steady_light
883200,8832,1,0,0,steady_light
883300,8833,1,0,0,steady_light
883400,8834,1,0,0,steady_light
883500,8835,1,0,0,steady_light
883600,8836,1,0,0,steady_light
883700,8837,1,0,0,steady_light
883800,8838,1,0,0,steady_light
883900,8839,1,0,0,steady_light
884000,8840,1,0,0,steady_light
884100,8841,1,0,0,steady_light
884200,8842,1,0,0,steady_light
884300,8843,1,0,0,steady_light
884400,8844,1,0,0,steady_light
884500,8845,1,0,0,steady_light
884600,8846,1,0,0,steady_light
884700,8847,1,0,0,steady_light
884800,8848,1,0,0,steady_light
884900,8849,1,0,0,steady_light
885000,8850,1,0,0,steady_light
885100,8851,1,0,0,steady_light
885200,8852,1,0,0,steady_light
885300,8853,1,0,0,steady_light
885400,8854,1,0,0,steady_light
885500,8855,1,0,0,steady_light
885600,8856,1,0,0,steady_light
885700,8857,1,0,0,steady_light
885800,8858,1,0,0,steady_light
885900,8859,1,0,0,steady_light
886000,8860,1,0,0,steady_light
886100,8861,1,0,0,steady_light
886200,8862,1,0,0,steady_light
886300,8863,1,0,0,steady_light
886400,8864,1,0,0,steady_light
886500,8865,1,0,0,steady_light
886600,8866,1,0,0,steady_light
886700,8867,1,0,0,steady_light
886800,8868,1,0,0,steady_light
886900,8869,1,0,0,steady_light
887000,8870,1,0,0,steady_light
887100,8871,1,0,0,steady_light
887200,8872,1,0,0,steady_light
887300,8873,1,0,0,steady_light
887400,8874,1,0,0,steady_light
887500,8875,1,0,0,steady_light
887600,8876,1,0,0,steady_light
887700,8877,1,0,0,steady_light
887800,8878,1,0,0,steady_light
887900,8879,1,0,0,steady_light
888000,8880,1,0,0,steady_light
888100,8881,1,0,0,steady_light
888200,8882,1,0,0,steady_light
888300,8883,1,0,0,steady_light
888400,8884,1,0,0,steady_light
888500,8885,1,0,0,steady_light
888600,8886,1,0,0,steady_light
888700,8887,1,0,0,steady_light
888800,8888,1,0,0,steady_light
888900,8889,1,0,0,steady_light
889000,8890,1,0,0,steady_light
889100,8891,1,0,0,steady_light
889200,8892,1,0,0,steady_light
889300,8893,1,0,0,steady_light
889400,8894,1,0,0,steady_light
889500,8895,1,0,0,steady_light
889600,8896,1,0,0,steady_light
889700,8897,1,0,0,steady_light
889800,8898,1,0,0,steady_light
889900,8899,1,0,0,steady_light
890000,8900,1,0,0,steady_light
890100,8901,1,0,0,steady_light
890200,8902,1,0,0,steady_light
890300,8903,1,0,0,steady_light
890400,8904,1,0,0,steady_light
890500,8905,1,0,0,steady_light
890600,8906,1,0,0,steady_light
890700,8907,1,0,0,steady_light
890800,8908,1,0,0,steady_light
890900,8909,1,0,0,steady_light
891000,8910,1,0,0,steady_light
891100,8911,1,0,0,steady_light
891200,8912,1,0,0,steady_light
891300,8913,1,0,0,steady_light
891400,8914,1,0,0,steady_light
891500,8915,1,0,0,steady_light
891600,8916,1,0,0,steady_light
891700,8917,1,0,0,steady_light
891800,8918,1,0,0,steady_light
891900,8919,1,0,0,steady_light
892000,8920,1,0,0,steady_light
892100,8921,1,0,0,steady_light
892200,8922,1,0,0,steady_light
892300,8923,1,0,0,steady_light
892400,8924,1,0,0,steady_light
892500,8925,1,0,0,steady_light
892600,8926,1,0,0,steady_light
892700,8927,1,0,0,steady_light
892800,8928,1,0,0,steady_light
892900,8929,1,0,0,steady_light
893000,8930,1,0,0,steady_light
893100,8931,1,0,0,steady_light
893200,8932,1,0,0,steady_light
893300,8933,1,0,0,steady_light
893400,8934,1,0,0,steady_light
893500,8935,1,0,0,steady_light
893600,8936,1,0,0,steady_light
893700,8937,1,0,0,steady_light
893800,8938,1,0,0,steady_light
893900,8939,1,0,0,steady_light
894000,8940,1,0,0,steady_light
894100,8941,1,0,0,steady_light
894200,8942,1,0,0,steady_light
894300,8943,1,0,0,steady_light
894400,8944,1,0,0,steady_light
894500,8945,1,0,0,steady_light
894600,8946,1,0,0,steady_light
894700,8947,0,1,1,transition_light_to_dark
894800,8948,0,1,1,steady_dark
894900,8949,0,1,1,steady_dark
895000,8950,0,1,1,steady_dark
895100,8951,0,1,1,steady_dark
895200,8952,0,1,1,steady_dark
895300,8953,0,1,1,steady_dark
895400,8954,0,1,1,steady_dark
895500,8955,0,1,1,steady_dark
895600,8956,0,1,1,steady_dark
895700,8957,0,0,1,steady_dark
895800,8958,0,0,1,steady_dark
895900,8959,0,0,1,steady_dark
896000,8960,0,0,1,steady_dark
896100,8961,0,0,1,steady_dark
896200,8962,0,0,1,steady_dark
896300,8963,0,0,1,steady_dark
896400,8964,1,0,1,transition_dark_to_light
896500,8965,1,0,1,steady_light
896600,8966,1,0,1,steady_light
896700,8967,1,0,1,steady_light
896800,8968,1,0,1,steady_light
896900,8969,1,0,1,steady_light
897000,8970,1,0,1,steady_light
897100,8971,1,0,1,steady_light
897200,8972,1,0,1,steady_light
897300,8973,1,0,1,steady_light
897400,8974,1,0,1,steady_light
897500,8975,1,0,1,steady_light
897600,8976,1,0,1,steady_light
897700,8977,1,0,1,steady_light
897800,8978,1,0,1,steady_light
897900,8979,1,0,1,steady_light
898000,8980,1,0,1,steady_light
898100,8981,1,0,1,steady_light
898200,8982,1,0,1,steady_light
898300,8983,1,0,1,steady_light
898400,8984,1,0,1,steady_light
898500,8985,1,0,1,steady_light
898600,8986,1,0,1,steady_light
898700,8987,1,0,1,steady_light
898800,8988,1,0,1,steady_light
898900,8989,1,0,1,steady_light
899000,8990,1,0,1,steady_light
899100,8991,1,0,1,steady_light
899200,8992,1,0,1,steady_light
899300,8993,1,0,1,steady_light
899400,8994,1,0,1,steady_light
899500,8995,1,0,1,steady_light
899600,8996,1,0,1,steady_light
899700,8997,1,0,1,steady_light
899800,8998,1,0,1,steady_light
899900,8999,1,0,1,steady_light
900000,9000,1,0,1,steady_light
900100,9001,1,0,1,steady_light
900200,9002,1,0,1,steady_light
900300,9003,1,0,1,steady_light
900400,9004,1,0,1,steady_light
900500,9005,1,0,0,steady_light
900600,9006,1,0,0,steady_light
900700,9007,1,0,0,steady_light
900800,9008,1,0,0,steady_light
900900,9009,1,0,0,steady_light
901000,9010,1,0,0,steady_light
901100,9011,1,0,0,steady_light
901200,9012,1,0,0,steady_light
901300,9013,1,0,0,steady_light
901400,9014,1,0,0,steady_light
901500,9015,1,0,0,steady_light
901600,9016,1,0,0,steady_light
901700,9017,1,0,0,steady_light
901800,9018,1,0,0,steady_light
901900,9019,1,0,0,steady_light
902000,9020,1,0,0,steady_light
902100,9021,1,0,0,steady_light
902200,9022,1,0,0,steady_light
902300,9023,1,0,0,steady_light
902400,9024,1,0,0,steady_light
902500,9025,1,0,0,steady_light
902600,9026,1,0,0,steady_light
902700,9027,1,0,0,steady_light
902800,9028,1,0,0,steady_light
902900,9029,1,0,0,steady_light
903000,9030,1,0,0,steady_light
903100,9031,1,0,0,steady_light
903200,9032,1,0,0,steady_light
903300,9033,1,0,0,steady_light
903400,9034,1,0,0,steady_light
903500,9035,1,0,0,steady_light
903600,9036,1,0,0,steady_light
903700,9037,1,0,0,steady_light
903800,9038,1,0,0,steady_light
